Ind#,TDose,T1 Pos1,T1 Pos1,T1 Pos3,T2 Pos1,T2 Pos2,T2 Pos3,V Pre,DCE 1,DCE 2,DCE 3,T2w Pos1,T2w Pos2,T2w Pos3
1,0.58582,50,52,86,-3,8.8,2.5,178,410,433,429,-18,-28,-10
2,2.6212,29,10,23,-6.3,7.4,-3.7,185,407,452,458,-25,-33,-6
3,0.50734,26,1,-53,-2.4,8.7,7.1,181,433,484,475,-79,-110,7
4,0.32484,54,26,-41,-2,10.1,6.3,201,495,551,546,-68,-106,-1
5,0.4166,38,55,101,0.5,2.1,3.4,178,410,433,429,-24,-30,-27
6,256.87,27,11,57,6.2,3.5,5.4,185,407,452,458,-37,-37,-27
7,27.987,61,24,-20,-10.8,-12.8,13,181,433,484,475,-98,-109,-15
8,0.42656,64,42,-83,-6.6,-6.3,20.7,201,495,551,546,-54,-76,-22
9,0.17093,4,1,56,10.6,-3.3,3.1,182,437,481,495,-54,-57,-29
10,158.84,-4,-33,36,18.1,-1.2,10.8,199,451,497,516,-51,-44,-42
11,129.89,70,8,8,-6.6,-13.5,9.8,194,447,496,512,-98,-99,-27
12,0.62064,96,42,-45,-16.1,-15.1,3.9,194,448,505,519,-74,-85,-39
13,0.10224,-14,-41,6,9.4,-12.3,-0.4,182,437,481,495,-51,-73,-19
14,0.13312,-4,-52,15,9.1,-12.8,6.5,199,451,497,516,-39,-60,-23
15,2.0284,87,5,28,-8.6,-5.3,8.5,194,447,496,512,-89,-110,-14
16,0.67587,127,47,-1,-22.7,-9.9,-6.2,194,448,505,519,-80,-117,-7
17,0.11114,-27,-106,-227,-22.9,-34.9,-10.3,179,497,515,537,-43,-72,-16
18,0.089117,56,-21,-58,-29.4,-28.3,7.1,191,508,527,546,-38,-59,-14
19,0.17712,246,196,203,-11,23.4,37.3,200,462,502,520,-40,-63,-18
20,0.17936,-101,-159,-250,-24.5,-22.7,-18,164,328,398,387,-11,-39,8
21,0.26927,-118,-188,-223,-21.9,-21,-12.7,187,315,347,353,-9,-21,-14
22,0.38977,-8,-134,-124,-12.2,-11,-16.7,182,341,371,383,-3,-13,-18
23,0.50859,174,162,201,14,29.1,-13.8,188,304,356,357,-25,-33,-12
24,0.16453,247,285,279,5.5,2.7,7.7,182,258,330,335,11,7,-17
25,0.36769,216,256,220,1.1,0.2,4.2,172,290,326,339,-31,-30,-23
26,0.42052,105,126,21,-7.9,-6.3,-5.1,170,280,344,344,-32,-38,-10
27,0.40158,-37,-107,-228,-18,-14.8,-11.2,164,328,398,387,-9,-11,-38
28,0.91393,-8,-73,-148,-10.2,-9.9,-4.4,187,315,347,353,-6,4,-51
29,2.571,57,-65,-64,1.6,-0.6,-7.7,182,341,371,383,-23,-45,-8
30,0.89102,208,202,172,24.7,30.5,-12.1,188,304,356,357,-58,-83,-5
31,1.1878,281,343,298,122.1,139.9,-18,101,124,140,153,-37,-51,-23
32,1.0013,277,471,429,202.9,201.6,9.4,147,200,224,218,-16,-18,-9
33,0.58101,215,245,248,29.9,41.8,45.4,156,281,322,323,10,-5,-20
34,0.36624,177,203,176,23.7,21.8,38,185,287,375,376,-25,-39,-30
35,0.46283,222,199,231,9.5,11.2,20.2,175,297,370,375,1,8,-32
36,1.1124,194,181,214,7.4,11.1,19.4,188,390,460,470,-35,-29,-32
37,1.3258,113,97,80,7,9.7,19.3,194,424,501,510,-13,-9,-30
38,0.93134,32,-14,-65,12.5,7.4,12.3,172,465,560,546,-17,-19,-26
39,0.85237,47,-6,-33,22.1,11.6,11,193,444,494,485,-25,-43,-28
40,1.2168,47,9,-56,34.1,18,12.4,188,480,517,519,-47,-69,-12
41,1.2121,90,79,40,26.8,19.3,-2.9,178,456,506,506,-66,-90,-34
42,0.29653,292,349,310,80.9,10.6,-49.6,101,124,140,153,-47,-82,-11
43,0.86575,319,464,516,74,38.5,1.3,147,200,224,218,-35,-55,9
44,1.1173,211,232,295,13,31.6,42,156,281,322,323,-6,-20,-18
45,34.086,169,169,202,16.7,25.5,41.4,185,287,375,376,-33,-41,-37
46,4.8834,179,168,201,14.7,18.7,32.3,175,297,370,375,0,-14,-12
47,3.3645,126,145,192,10.5,14.1,31.5,188,390,460,470,-47,-59,-16
48,2.7507,63,81,112,8.9,10.1,31.6,194,424,501,510,-21,-28,-17
49,1.7375,37,30,49,11.6,10.1,16.9,172,465,560,546,-38,-68,6
50,1.7096,47,18,32,11.9,11.5,7.4,193,444,494,485,-45,-86,-4
51,1.9607,31,-3,-24,14.2,14.2,5.4,188,480,517,519,-66,-80,-34
52,1.4501,41,10,-24,12.7,16.4,2.8,178,456,506,506,-75,-97,-42
53,0.64566,84,52,44,5.3,13.7,-5,194,496,549,542,-76,-104,-27
54,0.36697,132,94,99,2.6,13.1,-2.5,208,513,576,565,22,5,-30
55,0.11704,219,367,321,78.5,12.2,-59.8,101,144,146,150,-52,-68,-36
56,0.56927,321,464,575,82.2,18.9,-3.4,152,216,262,261,-30,-28,-19
57,1.2091,214,236,420,10.6,24.2,34.9,140,293,350,363,-37,-35,-12
58,19.318,155,142,205,11.1,23,32.1,166,295,355,372,-45,-52,-13
59,196.74,142,146,177,16.1,20.4,32.4,167,303,354,373,-28,-50,3
60,8.7835,75,113,161,10.1,12.1,34.3,189,462,523,535,-57,-84,-3
61,3.5164,15,66,116,2.6,4.1,34.5,189,525,595,589,-48,-57,-15
62,2.3552,40,74,105,0,5.9,14.9,163,519,604,606,-40,-64,-1
63,2.6191,50,52,86,-3,8.8,2.5,176,497,560,540,-31,-58,-10
64,2.6929,29,10,23,-6.3,7.4,-3.7,185,523,579,565,-78,-97,-24
65,5.9083,26,1,-53,-2.4,8.7,7.1,170,543,592,585,-103,-120,-21
66,4.4141,54,26,-41,-2,10.1,6.3,176,550,606,596,-81,-114,-21
67,1.0698,96,62,-17,-2.9,9,5.9,204,566,637,621,25,17,-40
68,0.17029,53,341,252,155.4,249.4,5,101,144,146,150,-49,-52,-40
69,0.30201,185,370,488,148,114.3,16.2,152,216,262,261,5,-3,-19
70,0.49606,143,184,261,28.2,24.1,27.1,140,293,350,363,-28,-30,-4
71,22.219,143,116,134,10.2,11.5,15.3,166,295,355,372,-15,-21,-26
72,117.71,125,115,123,6.3,13.7,10.8,167,303,354,373,-61,-61,-20
73,2.6097,51,53,84,7.1,11.7,17.6,189,462,523,535,-28,-44,-35
74,2.5059,4,17,62,0.9,3.3,19.6,189,525,595,589,-20,-27,-37
75,1.7694,30,69,104,-8.3,-4.6,4.2,163,519,604,606,-11,-46,-18
76,1.6525,38,55,101,0.5,2.1,3.4,176,497,560,540,-17,-59,-16
77,154.75,27,11,57,6.2,3.5,5.4,185,523,579,565,-52,-81,-21
78,85.947,61,24,-20,-10.8,-12.8,13,170,543,592,585,-84,-105,-17
79,3.0332,64,42,-83,-6.6,-6.3,20.7,176,550,606,596,-54,-82,-30
80,1.971,57,28,-133,4.9,7.7,23.9,204,566,637,621,15,0,-45
81,0.31865,55,341,220,189.9,187,64.7,129,158,142,149,-51,-59,-20
82,0.26929,136,342,388,83.5,86.8,36.3,154,228,274,284,52,20,4
83,0.67354,104,161,169,23.2,23.3,24.5,141,273,315,352,-23,-35,-9
84,40.922,138,124,83,8.6,12.4,14.6,160,308,364,392,23,-9,-34
85,9.0375,144,134,130,3.6,14.7,7,171,348,405,420,-48,-57,-24
86,0.86217,59,49,76,9.9,16.4,11.4,173,520,555,562,-9,-32,-45
87,1.3159,6,-10,29,12.9,12.9,14.3,171,556,600,589,5,-14,-37
88,0.94601,4,16,54,4.4,-3.8,2.3,165,482,549,561,-29,-67,-10
89,0.98634,4,1,56,10.6,-3.3,3.1,170,474,532,546,-46,-82,-14
90,267.07,-4,-33,36,18.1,-1.2,10.8,182,475,546,557,-7,-36,-21
91,118.12,70,8,8,-6.6,-13.5,9.8,184,564,626,637,-28,-58,-16
92,1.2861,96,42,-45,-16.1,-15.1,3.9,187,611,675,682,-50,-75,-42
93,0.9865,91,38,-98,-5,0.89999,6.6,201,539,618,623,22,-13,-20
94,0.22522,85,145,116,12.9,19.1,20.1,141,273,315,352,-58,-75,-7
95,24.541,125,146,67,7.8,14.5,14.2,160,308,364,392,20,-20,-14
96,0.65955,162,192,172,6.1,15,7,171,348,405,420,-21,-65,10
97,0.25518,67,77,95,12.1,14.4,5.1,173,520,555,562,-29,-72,-2
98,0.44185,-14,-41,6,9.4,-12.3,-0.4,170,474,532,546,-60,-88,-5
99,15.91,-4,-52,15,9.1,-12.8,6.5,182,475,546,557,-4,-38,-14
100,2.2351,87,5,28,-8.6,-5.3,8.5,184,564,626,637,-13,-32,-30
101,0.68021,127,47,-1,-22.7,-9.9,-6.2,187,611,675,682,-55,-81,-25
102,0.11869,135,121,149,17.9,18.2,11.9,144,261,281,307,-61,-72,-13
103,0.69939,88,124,135,14.4,11.4,0.8,165,289,319,353,22,5,-16
104,0.25939,110,205,205,17.8,8.3,1.9,165,366,407,423,-28,-50,-3
105,0.23868,-27,-106,-227,-22.9,-34.9,-10.3,178,484,495,521,-19,-42,-19
106,0.21088,56,-21,-58,-29.4,-28.3,7.1,175,458,495,511,-23,-31,-21
107,0.36416,246,196,203,-11,23.4,37.3,173,609,630,653,-28,-31,-29
108,0.21819,-141,-175,-222,-3.9,-8.1,-5.4,179,369,454,474,-39,-59,-25
109,0.25337,-88,-127,-136,6.1,4.5,1.6,197,377,417,432,11,-28,-30
110,0.97924,100,68,14,6.5,21.5,-7.3,199,410,462,466,-21,-23,-18
111,2.0681,140,128,95,7.6,24.1,-6.3,206,445,500,481,-58,-50,-36
112,0.23747,148,241,193,2.4,-1,7.4,170,294,322,323,-26,-26,-32
113,0.69552,36,98,8,-8.2,-9,-6,177,305,341,351,-37,-47,-30
114,0.69159,-101,-159,-250,-24.5,-22.7,-18,154,384,471,465,-62,-80,-16
115,0.99037,-118,-188,-223,-21.9,-21,-12.7,173,370,489,489,-20,-54,-28
116,1.2879,-8,-134,-124,-12.2,-11,-16.7,179,385,433,435,6,-28,-30
117,2.3303,174,162,201,14,29.1,-13.8,185,374,447,443,-67,-85,-16
118,2.2227,219,223,286,16.6,30.3,-7.2,196,434,511,479,-76,-82,-44
119,16455,269,384,313,108.3,133.1,12.4,106,112,112,120,-53,-83,-12
120,0.59619,338,458,316,113.1,133.4,36,131,142,159,169,-28,-39,-6
121,0.63505,254,427,236,39.1,37.2,36.5,162,213,249,255,16,12,-7
122,0.57543,216,289,186,15.4,9.7,14.2,177,244,302,300,-15,-30,-28
123,0.70687,247,285,279,5.5,2.7,7.7,173,257,314,310,30,13,-21
124,2.4162,216,256,220,1.1,0.2,4.2,170,294,322,323,-11,-24,-20
125,4.1152,105,126,21,-7.9,-6.3,-5.1,177,305,341,351,-52,-73,-11
126,3.0846,-37,-107,-228,-18,-14.8,-11.2,154,384,471,465,-74,-105,-15
127,35.649,-8,-73,-148,-10.2,-9.9,-4.4,173,370,489,489,5,-10,-54
128,72.211,57,-65,-64,1.6,-0.6,-7.7,179,385,433,435,-10,-26,-38
129,3.4873,208,202,172,24.7,30.5,-12.1,185,374,447,443,-83,-107,-34
130,3.1845,220,217,309,27.5,33.4,-3.3,196,434,511,479,-54,-75,-48
131,148.37,341,218,356,81.4,147.2,-47.7,90,132,137,130,-30,-43,-15
132,3.3996,281,343,298,122.1,139.9,-18,123,141,150,168,-33,-51,-27
133,2.3009,277,471,429,202.9,201.6,9.4,150,179,197,219,-33,-16,-16
134,2.4625,215,245,248,29.9,41.8,45.4,164,279,320,329,6,-8,-12
135,2.53,177,203,176,23.7,21.8,38,171,278,366,364,-21,-44,-7
136,4.4682,222,199,231,9.5,11.2,20.2,168,271,324,324,36,-1,3
137,11.968,194,181,214,7.4,11.1,19.4,175,320,365,373,-18,-37,-15
138,15.809,113,97,80,7,9.7,19.3,192,409,484,500,-55,-71,-4
139,8.9179,32,-14,-65,12.5,7.4,12.3,169,512,623,621,-54,-66,-20
140,6.1907,47,-6,-33,22.1,11.6,11,173,429,571,566,-13,-39,-30
141,10.479,47,9,-56,34.1,18,12.4,182,452,516,512,-21,-37,-10
142,3.4502,90,79,40,26.8,19.3,-2.9,174,417,487,487,-65,-77,-41
143,2.3844,279,233,203,48.5,-50.7,-113.9,90,132,137,130,-20,-20,-30
144,1.8288,292,349,310,80.9,10.6,-49.6,123,141,150,168,-17,-29,-49
145,15.9,319,464,516,74,38.5,1.3,150,179,197,219,-26,-22,-5
146,17.179,211,232,295,13,31.6,42,164,279,320,329,4,-13,1
147,19.682,169,169,202,16.7,25.5,41.4,171,278,366,364,-25,-31,-7
148,34.026,179,168,201,14.7,18.7,32.3,168,271,324,324,5,-17,6
149,55.879,126,145,192,10.5,14.1,31.5,175,320,365,373,-41,-51,-30
150,43.001,63,81,112,8.9,10.1,31.6,192,409,484,500,-44,-52,-18
151,18.762,37,30,49,11.6,10.1,16.9,169,512,623,621,-46,-67,-18
152,10.682,47,18,32,11.9,11.5,7.4,173,429,571,566,-21,-58,-10
153,17.642,31,-3,-24,14.2,14.2,5.4,182,452,516,512,-36,-60,-10
154,3.6564,41,10,-24,12.7,16.4,2.8,174,417,487,487,-56,-77,-40
155,1.9245,84,52,44,5.3,13.7,-5,189,495,586,564,-46,-74,-33
156,1.183,132,94,99,2.6,13.1,-2.5,195,626,682,665,6,-1,-43
157,0.76188,151,253,162,57.4,-52.7,-119.6,79,136,144,131,-42,-68,1
158,1.5548,219,367,321,78.5,12.2,-59.8,129,159,172,176,-33,-74,-10
159,58.624,321,464,575,82.2,18.9,-3.4,154,202,231,234,-10,-21,3
160,60.409,214,236,420,10.6,24.2,34.9,142,288,367,378,12,10,-14
161,38.737,155,142,205,11.1,23,32.1,158,277,351,362,-7,3,-21
162,1682.5,142,146,177,16.1,20.4,32.4,170,272,319,318,-5,-1,-18
163,32563,75,113,161,10.1,12.1,34.3,171,319,390,401,-44,-61,-12
164,50.031,15,66,116,2.6,4.1,34.5,173,496,574,594,-67,-84,-18
165,20.457,40,74,105,0,5.9,14.9,153,541,617,623,-57,-87,-21
166,13.323,50,52,86,-3,8.8,2.5,154,404,493,502,6,-21,-26
167,10.064,29,10,23,-6.3,7.4,-3.7,174,415,487,491,-20,-45,-38
168,15.865,26,1,-53,-2.4,8.7,7.1,163,395,441,467,-66,-77,-37
169,109.65,54,26,-41,-2,10.1,6.3,173,506,576,594,-82,-82,-44
170,3.7589,96,62,-17,-2.9,9,5.9,188,663,720,710,-9,7,-59
171,0.70433,-13,264,126,184.4,219.4,17.7,79,136,144,131,-49,-77,7
172,1.2849,53,341,252,155.4,249.4,5,129,159,172,176,-59,-74,-15
173,22.065,185,370,488,148,114.3,16.2,154,202,231,234,-7,-12,-15
174,18.324,143,184,261,28.2,24.1,27.1,142,288,367,378,-31,-26,-18
175,14.718,143,116,134,10.2,11.5,15.3,158,277,351,362,-4,-5,-16
176,3603.7,125,115,123,6.3,13.7,10.8,170,272,319,318,-15,-6,-2
177,1.7598e+16,51,53,84,7.1,11.7,17.6,171,319,390,401,-29,-45,-4
178,18.927,4,17,62,0.9,3.3,19.6,173,496,574,594,-79,-87,-4
179,8.3794,30,69,104,-8.3,-4.6,4.2,153,541,617,623,-39,-53,-22
180,6.7329,38,55,101,0.5,2.1,3.4,154,404,493,502,9,-16,-31
181,11.524,27,11,57,6.2,3.5,5.4,174,415,487,491,8,-8,-39
182,63.081,61,24,-20,-10.8,-12.8,13,163,395,441,467,-56,-68,-22
183,13.972,64,42,-83,-6.6,-6.3,20.7,173,506,576,594,-87,-123,-4
184,3.615,57,28,-133,4.9,7.7,23.9,188,663,720,710,-16,-49,-28
185,0.80638,-21,233,34,227.1,227.1,94.6,82,148,139,146,-45,-55,-22
186,1.3947,55,341,220,189.9,187,64.7,144,170,179,182,-65,-58,-38
187,2.9005,136,342,388,83.5,86.8,36.3,149,222,264,267,27,12,-10
188,2.3477,104,161,169,23.2,23.3,24.5,140,275,362,385,-47,-55,-11
189,39.435,138,124,83,8.6,12.4,14.6,178,300,328,363,13,-16,-13
190,13.391,144,134,130,3.6,14.7,7,174,348,394,391,-30,-27,13
191,5.1249,59,49,76,9.9,16.4,11.4,168,399,474,474,-24,-29,-27
192,5.494,6,-10,29,12.9,12.9,14.3,148,510,561,575,-40,-48,-31
193,3.1196,4,16,54,4.4,-3.8,2.3,128,442,502,509,-2,-13,-39
194,4.1337,4,1,56,10.6,-3.3,3.1,126,350,417,434,-45,-64,-37
195,93.996,-4,-33,36,18.1,-1.2,10.8,160,361,432,452,-17,-36,-35
196,7.9395,70,8,8,-6.6,-13.5,9.8,162,323,387,418,-15,-53,-12
197,2.5161,96,42,-45,-16.1,-15.1,3.9,170,531,603,630,-73,-109,-31
198,1.5063,91,38,-98,-5,0.89999,6.6,185,778,827,830,-37,-77,-18
199,0.97024,118,355,267,128.8,71.4,96.8,144,170,179,182,-51,-56,-25
200,2.4049,156,346,349,37.4,44.8,55.5,149,222,264,267,45,39,-2
201,1.4859,85,145,116,12.9,19.1,20.1,140,275,362,385,-58,-67,-11
202,15.263,125,146,67,7.8,14.5,14.2,178,300,328,363,22,5,-22
203,1.2501,162,192,172,6.1,15,7,174,348,394,391,-46,-34,-9
204,1.7643,67,77,95,12.1,14.4,5.1,168,399,474,474,-57,-73,-19
205,2.273,7,-15,19,19.3,12.8,5.6,148,510,561,575,-20,-34,-39
206,1.4185,-11,-34,0,13.9,-3.7,1.1,128,442,502,509,-29,-41,-18
207,3.0286,-14,-41,6,9.4,-12.3,-0.4,126,350,417,434,-115,-143,-16
208,108.7,-4,-52,15,9.1,-12.8,6.5,160,361,432,452,-71,-115,-9
209,1.7352,87,5,28,-8.6,-5.3,8.5,162,323,387,418,-9,-39,-25
210,1.536,127,47,-1,-22.7,-9.9,-6.2,170,531,603,630,-68,-71,-41
211,0.4879,309,470,525,83.8,51.8,118.6,147,150,165,178,-29,-48,-9
212,0.64088,555,631,676,60.3,51.8,82.1,141,202,239,258,39,39,-3
213,0.66922,135,121,149,17.9,18.2,11.9,149,271,307,339,-57,-55,-17
214,0.4943,88,124,135,14.4,11.4,0.8,176,309,302,343,18,17,-17
215,0.61384,110,205,205,17.8,8.3,1.9,160,403,438,447,-58,-61,0
216,0.47694,-99,-195,-209,-21,-39.5,-29.1,123,286,344,355,-41,-62,-15
217,0.38538,-27,-106,-227,-22.9,-34.9,-10.3,112,290,336,355,-103,-140,-8
218,0.35237,56,-21,-58,-29.4,-28.3,7.1,158,325,373,382,-91,-130,-12
219,0.54377,246,196,203,-11,23.4,37.3,151,281,355,352,-37,-61,-18
220,0.33348,-141,-175,-222,-3.9,-8.1,-5.4,151,403,524,536,-173,-187,-24
221,0.4287,-88,-127,-136,6.1,4.5,1.6,164,334,475,493,-51,-87,-52
222,0.57652,100,68,14,6.5,21.5,-7.3,176,410,504,524,-12,-20,-64
223,0.93206,140,128,95,7.6,24.1,-6.3,178,450,554,564,-27,-23,-71
224,0.42894,200,280,246,7.3,4.9,15.5,173,232,282,285,3,-7,-4
225,1.1145,148,241,193,2.4,-1,7.4,177,287,318,319,-28,-40,-4
226,2.0754,36,98,8,-8.2,-9,-6,176,311,354,361,-52,-46,-40
227,1.8236,-101,-159,-250,-24.5,-22.7,-18,161,394,448,446,-140,-134,-35
228,1.8896,-118,-188,-223,-21.9,-21,-12.7,165,409,529,530,-96,-108,-56
229,20.142,-8,-134,-124,-12.2,-11,-16.7,162,324,435,449,6,-12,-59
230,63.727,174,162,201,14,29.1,-13.8,168,338,416,423,-24,-54,-13
231,2.5665,219,223,286,16.6,30.3,-7.2,171,355,434,423,-61,-97,-24
232,1.3078,269,384,313,108.3,133.1,12.4,90,111,103,106,-45,-67,-18
233,1.3672,338,458,316,113.1,133.4,36,141,168,207,207,-45,-60,-6
234,1.9934,254,427,236,39.1,37.2,36.5,164,202,257,258,16,-5,9
235,1.5683,216,289,186,15.4,9.7,14.2,166,244,273,270,-32,-51,-1
236,2.1597,247,285,279,5.5,2.7,7.7,173,232,282,285,-1,-12,-13
237,7.1827,216,256,220,1.1,0.2,4.2,177,287,318,319,-25,-42,-16
238,15.325,105,126,21,-7.9,-6.3,-5.1,176,311,354,361,-65,-76,-19
239,12.157,-37,-107,-228,-18,-14.8,-11.2,161,394,448,446,-91,-104,-27
240,55.334,-8,-73,-148,-10.2,-9.9,-4.4,165,409,529,530,-9,-22,-46
241,542.87,57,-65,-64,1.6,-0.6,-7.7,162,324,435,449,-7,-16,-27
242,9.1355,208,202,172,24.7,30.5,-12.1,168,338,416,423,-24,-61,-17
243,5.3989,220,217,309,27.5,33.4,-3.3,171,355,434,423,-40,-77,-13
244,20.572,341,218,356,81.4,147.2,-47.7,88,138,140,136,-30,-57,21
245,5.1255,281,343,298,122.1,139.9,-18,111,145,138,136,-27,-68,3
246,10.691,277,471,429,202.9,201.6,9.4,160,211,237,253,-9,-34,7
247,17.749,215,245,248,29.9,41.8,45.4,172,248,294,296,36,6,-14
248,21.036,177,203,176,23.7,21.8,38,170,307,355,362,-22,-29,-17
249,32.414,222,199,231,9.5,11.2,20.2,174,252,307,312,29,-8,-5
250,77.089,194,181,214,7.4,11.1,19.4,167,302,337,344,-9,-35,-10
251,118.96,113,97,80,7,9.7,19.3,164,350,419,435,-67,-83,6
252,57.37,32,-14,-65,12.5,7.4,12.3,171,436,505,514,-35,-59,-14
253,24.386,47,-6,-33,22.1,11.6,11,174,450,537,548,-5,-33,-22
254,9.2435,47,9,-56,34.1,18,12.4,171,307,372,381,-16,-26,-6
255,4.9367,90,79,40,26.8,19.3,-2.9,164,267,315,326,-24,-26,-53
256,5.5774,136,123,160,19.8,20.1,-7.8,173,273,347,340,-31,-43,-27
257,8.5513,279,233,203,48.5,-50.7,-113.9,88,138,140,136,-27,-53,15
258,14.561,292,349,310,80.9,10.6,-49.6,111,145,138,136,-31,-43,-41
259,1261.3,319,464,516,74,38.5,1.3,160,211,237,253,-41,-37,-22
260,1815.8,211,232,295,13,31.6,42,172,248,294,296,16,-10,-27
261,627.08,169,169,202,16.7,25.5,41.4,170,307,355,362,0,-11,-30
262,402.91,179,168,201,14.7,18.7,32.3,174,252,307,312,23,-13,1
263,496.87,126,145,192,10.5,14.1,31.5,167,302,337,344,-5,-20,-14
264,506.2,63,81,112,8.9,10.1,31.6,164,350,419,435,-50,-62,-8
265,170.43,37,30,49,11.6,10.1,16.9,171,436,505,514,-15,-46,-29
266,34.842,47,18,32,11.9,11.5,7.4,174,450,537,548,9,-18,-28
267,12.698,31,-3,-24,14.2,14.2,5.4,171,307,372,381,-31,-46,-10
268,5.4363,41,10,-24,12.7,16.4,2.8,164,267,315,326,-65,-74,-30
269,2.9286,84,52,44,5.3,13.7,-5,173,273,347,340,-56,-81,-33
270,2.4282,132,94,99,2.6,13.1,-2.5,191,416,503,481,-127,-142,-43
271,2.7154,151,253,162,57.4,-52.7,-119.6,89,142,142,128,-36,-30,-31
272,24.434,219,367,321,78.5,12.2,-59.8,125,151,156,150,-48,-53,-37
273,7512.8,321,464,575,82.2,18.9,-3.4,160,243,270,275,-35,-16,-29
274,14684,214,236,420,10.6,24.2,34.9,152,280,336,334,18,5,-31
275,2161.5,155,142,205,11.1,23,32.1,168,293,350,369,11,-2,-20
276,699.84,142,146,177,16.1,20.4,32.4,176,259,289,294,3,3,-22
277,46800,75,113,161,10.1,12.1,34.3,157,321,390,377,-5,-11,-38
278,1.5758e+06,15,66,116,2.6,4.1,34.5,144,411,511,510,-52,-61,-42
279,167.23,40,74,105,0,5.9,14.9,137,401,477,486,-4,-18,-55
280,42.752,50,52,86,-3,8.8,2.5,147,364,408,420,27,12,-34
281,20.195,29,10,23,-6.3,7.4,-3.7,160,239,275,274,-17,-45,-24
282,8.7109,26,1,-53,-2.4,8.7,7.1,162,232,252,276,-53,-97,-1
283,158.81,54,26,-41,-2,10.1,6.3,170,258,324,333,-123,-149,-17
284,4.0129,96,62,-17,-2.9,9,5.9,174,431,514,518,-133,-181,-26
285,1.2017,-13,264,126,184.4,219.4,17.7,89,142,142,128,-27,-42,-9
286,10.79,53,341,252,155.4,249.4,5,125,151,156,150,-52,-69,-7
287,2432.3,185,370,488,148,114.3,16.2,160,243,270,275,11,-1,-11
288,1935.6,143,184,261,28.2,24.1,27.1,152,280,336,334,-9,-24,-15
289,220.2,143,116,134,10.2,11.5,15.3,168,293,350,369,9,-13,1
290,1.5525e+06,125,115,123,6.3,13.7,10.8,176,259,289,294,-2,-1,0
291,2.1121e+16,51,53,84,7.1,11.7,17.6,157,321,390,377,-27,-48,-11
292,126.71,4,17,62,0.9,3.3,19.6,144,411,511,510,-74,-87,-8
293,33.64,30,69,104,-8.3,-4.6,4.2,137,401,477,486,-7,-29,-16
294,18.623,38,55,101,0.5,2.1,3.4,147,364,408,420,-33,-51,-7
295,20.757,27,11,57,6.2,3.5,5.4,160,239,275,274,-26,-31,-33
296,24.258,61,24,-20,-10.8,-12.8,13,162,232,252,276,-92,-97,-20
297,21.833,64,42,-83,-6.6,-6.3,20.7,170,258,324,333,-132,-155,-3
298,1.824,57,28,-133,4.9,7.7,23.9,174,431,514,518,-70,-112,-38
299,1.003,-21,233,34,227.1,227.1,94.6,96,140,142,134,-16,-61,18
300,4.6922,55,341,220,189.9,187,64.7,138,154,158,156,-45,-56,-18
301,50.628,136,342,388,83.5,86.8,36.3,147,263,317,319,23,11,-10
302,30.05,104,161,169,23.2,23.3,24.5,148,287,359,372,-42,-45,-7
303,12.023,138,124,83,8.6,12.4,14.6,179,248,288,315,26,8,-15
304,11.868,144,134,130,3.6,14.7,7,182,304,308,322,-19,-25,14
305,19.536,59,49,76,9.9,16.4,11.4,162,414,513,485,-59,-96,15
306,17.805,6,-10,29,12.9,12.9,14.3,145,466,582,570,-59,-87,-8
307,7.8122,4,16,54,4.4,-3.8,2.3,103,365,451,456,-39,-60,-10
308,10.841,4,1,56,10.6,-3.3,3.1,96,297,363,374,-136,-151,-14
309,21.51,-4,-33,36,18.1,-1.2,10.8,107,239,272,283,-104,-100,-46
310,6.4377,70,8,8,-6.6,-13.5,9.8,158,206,234,260,-80,-72,-47
311,2.4268,96,42,-45,-16.1,-15.1,3.9,177,246,296,312,-71,-79,-45
312,1.6323,91,38,-98,-5,0.89999,6.6,174,585,641,638,-69,-78,-36
313,3.6483,118,355,267,128.8,71.4,96.8,138,154,158,156,-25,-31,-28
314,21.449,156,346,349,37.4,44.8,55.5,147,263,317,319,32,35,-4
315,12.624,85,145,116,12.9,19.1,20.1,148,287,359,372,-36,-44,-9
316,6.4716,125,146,67,7.8,14.5,14.2,179,248,288,315,50,37,-38
317,6.4359,162,192,172,6.1,15,7,182,304,308,322,-51,-39,-21
318,7.9569,67,77,95,12.1,14.4,5.1,162,414,513,485,-78,-89,-21
319,6.0899,7,-15,19,19.3,12.8,5.6,145,466,582,570,-30,-41,-51
320,3.5729,-11,-34,0,13.9,-3.7,1.1,103,365,451,456,-97,-97,-35
321,21.886,-14,-41,6,9.4,-12.3,-0.4,96,297,363,374,-154,-165,-42
322,6.2926,-4,-52,15,9.1,-12.8,6.5,107,239,272,283,-118,-150,-29
323,2.1001,87,5,28,-8.6,-5.3,8.5,158,206,234,260,-15,-45,-33
324,2.0018,309,470,525,83.8,51.8,118.6,140,149,144,146,-23,-37,-12
325,3.5865,555,631,676,60.3,51.8,82.1,145,233,274,297,27,28,7
326,4.3173,135,121,149,17.9,18.2,11.9,156,263,306,335,-40,-48,-12
327,3.7306,88,124,135,14.4,11.4,0.8,173,257,258,292,38,38,-20
328,3.6294,110,205,205,17.8,8.3,1.9,167,342,347,373,-56,-45,-15
329,2.8,4,53,49,10.7,-3.8,-6.6,161,454,526,530,-62,-69,-22
330,1.8219,-64,-74,-80,-4.5,-23.6,-24.7,145,398,487,491,-24,-32,-23
331,1.5692,-99,-195,-209,-21,-39.5,-29.1,108,307,361,369,-116,-129,-17
332,0.67334,-27,-106,-227,-22.9,-34.9,-10.3,64,256,312,325,-129,-150,-31
333,0.44913,56,-21,-58,-29.4,-28.3,7.1,52,210,222,246,-96,-135,-28
334,0.56832,246,196,203,-11,23.4,37.3,126,123,152,163,13,-21,-31
335,0.57821,367,583,584,139.8,109.6,143.1,140,149,144,146,-17,-28,-9
336,0.95947,554,651,687,94.9,80.1,93.8,145,233,274,297,28,31,7
337,1.1045,169,125,169,30.3,21.9,15.2,156,263,306,335,-48,-51,-8
338,1.6693,99,100,156,20.2,9,-3.8,173,257,258,292,9,9,6
339,2.0487,65,141,151,19.7,2.3,-4.8,167,342,347,373,-59,-84,21
340,1.4037,-54,-22,-32,11.6,-7.5,-10.1,161,454,526,530,-58,-80,6
341,7.8455,-141,-175,-222,-3.9,-8.1,-5.4,164,514,562,562,-139,-167,-16
342,0.62153,-88,-127,-136,6.1,4.5,1.6,162,414,534,545,-30,-88,-13
343,0.49307,100,68,14,6.5,21.5,-7.3,171,374,462,488,-4,-32,-30
344,0.39134,140,128,95,7.6,24.1,-6.3,165,407,511,535,30,-18,-2
345,0.35286,200,280,246,7.3,4.9,15.5,169,232,244,255,-10,-24,-16
346,2.7237,148,241,193,2.4,-1,7.4,184,245,275,287,-16,-36,-10
347,1.9223,36,98,8,-8.2,-9,-6,173,315,371,373,10,-16,-21
348,1.811,-101,-159,-250,-24.5,-22.7,-18,165,334,402,398,-104,-116,-14
349,3.0488,-118,-188,-223,-21.9,-21,-12.7,164,411,473,470,-65,-97,-29
350,171.69,-8,-134,-124,-12.2,-11,-16.7,165,315,387,401,-7,-31,-32
351,89910,174,162,201,14,29.1,-13.8,167,298,319,354,-10,-30,-24
352,1.4526,219,223,286,16.6,30.3,-7.2,166,324,382,395,-37,-49,-41
353,0.98359,269,384,313,108.3,133.1,12.4,91,107,120,125,-33,-69,-30
354,2.9875,338,458,316,113.1,133.4,36,136,194,227,222,-54,-55,-29
355,4.8082,254,427,236,39.1,37.2,36.5,158,214,250,254,25,23,-25
356,3.495,216,289,186,15.4,9.7,14.2,160,223,242,238,-31,-52,-7
357,4.6138,247,285,279,5.5,2.7,7.7,169,232,244,255,-16,-29,-3
358,10.077,216,256,220,1.1,0.2,4.2,184,245,275,287,-11,-40,5
359,19.336,105,126,21,-7.9,-6.3,-5.1,173,315,371,373,-22,-35,-1
360,18.537,-37,-107,-228,-18,-14.8,-11.2,165,334,402,398,-79,-85,-20
361,10.577,-8,-73,-148,-10.2,-9.9,-4.4,164,411,473,470,-12,-19,-44
362,2406.7,57,-65,-64,1.6,-0.6,-7.7,165,315,387,401,-80,-72,-41
363,11028,208,202,172,24.7,30.5,-12.1,167,298,319,354,-11,-39,-44
364,4.1767,220,217,309,27.5,33.4,-3.3,166,324,382,395,-51,-47,-49
365,13.997,341,218,356,81.4,147.2,-47.7,79,133,148,139,-37,-48,-5
366,6.2027,281,343,298,122.1,139.9,-18,100,140,150,148,-29,-46,-36
367,60.617,277,471,429,202.9,201.6,9.4,130,227,271,282,-14,-39,-3
368,99.644,215,245,248,29.9,41.8,45.4,163,236,268,286,50,22,-7
369,97.783,177,203,176,23.7,21.8,38,168,277,298,305,-23,-18,-19
370,118.44,222,199,231,9.5,11.2,20.2,176,288,307,314,18,15,-19
371,176.55,194,181,214,7.4,11.1,19.4,179,289,302,308,0,-8,-24
372,247.74,113,97,80,7,9.7,19.3,165,348,437,446,-50,-45,-15
373,133.88,32,-14,-65,12.5,7.4,12.3,164,349,470,468,-39,-62,-20
374,31.703,47,-6,-33,22.1,11.6,11,162,340,401,416,-18,-50,-25
375,8.645,47,9,-56,34.1,18,12.4,168,259,294,305,-52,-73,-26
376,4.3045,90,79,40,26.8,19.3,-2.9,167,246,256,287,-16,-45,-47
377,4.3546,136,123,160,19.8,20.1,-7.8,166,265,317,328,-27,-55,-16
378,17.124,279,233,203,48.5,-50.7,-113.9,79,133,148,139,-33,-72,25
379,63.496,292,349,310,80.9,10.6,-49.6,100,140,150,148,-19,-53,-13
380,17358,319,464,516,74,38.5,1.3,130,227,271,282,-39,-50,-3
381,21248,211,232,295,13,31.6,42,163,236,268,286,19,-6,-6
382,5546.5,169,169,202,16.7,25.5,41.4,168,277,298,305,-5,2,-31
383,2059.3,179,168,201,14.7,18.7,32.3,176,288,307,314,24,31,-37
384,1617.6,126,145,192,10.5,14.1,31.5,179,289,302,308,-17,-5,-33
385,1503.4,63,81,112,8.9,10.1,31.6,165,348,437,446,-78,-64,-18
386,505.54,37,30,49,11.6,10.1,16.9,164,349,470,468,-19,-50,-25
387,66.133,47,18,32,11.9,11.5,7.4,162,340,401,416,9,-18,-26
388,14.908,31,-3,-24,14.2,14.2,5.4,168,259,294,305,-18,-45,-22
389,5.8529,41,10,-24,12.7,16.4,2.8,167,246,256,287,-61,-82,-23
390,3.0292,84,52,44,5.3,13.7,-5,166,265,317,328,-34,-66,-22
391,45.195,132,94,99,2.6,13.1,-2.5,157,310,400,417,-136,-167,-29
392,5.5448,151,253,162,57.4,-52.7,-119.6,79,133,146,140,-27,-48,-9
393,181.14,219,367,321,78.5,12.2,-59.8,117,142,155,151,-33,-69,-2
394,67290,321,464,575,82.2,18.9,-3.4,139,239,277,294,-53,-43,-18
395,1.0653e+05,214,236,420,10.6,24.2,34.9,165,254,303,316,-15,-35,-23
396,18103,155,142,205,11.1,23,32.1,173,272,321,332,4,-18,-11
397,3331.9,142,146,177,16.1,20.4,32.4,168,280,291,304,6,-12,-2
398,3675.7,75,113,161,10.1,12.1,34.3,148,323,352,329,-26,-41,-18
399,1.5788e+16,15,66,116,2.6,4.1,34.5,134,406,502,492,-59,-72,-6
400,523.51,40,74,105,0,5.9,14.9,128,357,465,461,3,-12,-41
401,72.833,50,52,86,-3,8.8,2.5,135,232,278,293,18,6,-31
402,24.641,29,10,23,-6.3,7.4,-3.7,159,205,235,233,-53,-64,-33
403,8.7459,26,1,-53,-2.4,8.7,7.1,170,272,313,315,-46,-73,-12
404,2.7487,54,26,-41,-2,10.1,6.3,168,283,354,348,-80,-81,-38
405,12.324,96,62,-17,-2.9,9,5.9,161,336,436,438,-134,-187,-32
406,1.3289,-13,264,126,184.4,219.4,17.7,79,133,146,140,-18,-28,-23
407,76.852,53,341,252,155.4,249.4,5,117,142,155,151,-40,-63,-14
408,14565,185,370,488,148,114.3,16.2,139,239,277,294,7,-4,-18
409,12059,143,184,261,28.2,24.1,27.1,165,254,303,316,-8,-32,-27
410,1446.3,143,116,134,10.2,11.5,15.3,173,272,321,332,9,-12,-11
411,379.96,125,115,123,6.3,13.7,10.8,168,280,291,304,9,0,5
412,412.5,51,53,84,7.1,11.7,17.6,148,323,352,329,-27,-44,-24
413,3039.9,4,17,62,0.9,3.3,19.6,134,406,502,492,-14,-30,-27
414,74.263,30,69,104,-8.3,-4.6,4.2,128,357,465,461,14,-12,-20
415,27.895,38,55,101,0.5,2.1,3.4,135,232,278,293,-39,-63,-9
416,21.19,27,11,57,6.2,3.5,5.4,159,205,235,233,-37,-67,-25
417,10.055,61,24,-20,-10.8,-12.8,13,170,272,313,315,-51,-75,-24
418,2.9206,64,42,-83,-6.6,-6.3,20.7,168,283,354,348,-84,-98,-23
419,1.8367,57,28,-133,4.9,7.7,23.9,161,336,436,438,-77,-130,-43
420,1.1485,-21,233,34,227.1,227.1,94.6,80,124,150,153,-21,-63,6
421,9.813,55,341,220,189.9,187,64.7,139,142,148,155,-33,-52,-20
422,321.87,136,342,388,83.5,86.8,36.3,150,270,312,324,28,8,-19
423,187.92,104,161,169,23.2,23.3,24.5,161,290,343,361,-28,-45,-13
424,43.808,138,124,83,8.6,12.4,14.6,171,260,302,323,31,27,-37
425,26.965,144,134,130,3.6,14.7,7,167,265,259,289,29,44,-18
426,35.648,59,49,76,9.9,16.4,11.4,141,379,462,442,-36,-52,-12
427,35.947,6,-10,29,12.9,12.9,14.3,122,426,533,525,-39,-50,-37
428,24.323,4,16,54,4.4,-3.8,2.3,106,362,435,442,-31,-52,-13
429,13.555,4,1,56,10.6,-3.3,3.1,96,221,279,282,-115,-147,-3
430,8.1356,-4,-33,36,18.1,-1.2,10.8,116,183,204,205,-5,-66,-30
431,5.0352,70,8,8,-6.6,-13.5,9.8,160,235,250,254,-6,-40,-36
432,2.3188,96,42,-45,-16.1,-15.1,3.9,180,228,264,274,1,-49,-14
433,1.8113,91,38,-98,-5,0.89999,6.6,180,361,424,420,-50,-79,-24
434,8.3347,118,355,267,128.8,71.4,96.8,139,142,148,155,-39,-51,-18
435,105.08,156,346,349,37.4,44.8,55.5,150,270,312,324,13,23,-11
436,76.155,85,145,116,12.9,19.1,20.1,161,290,343,361,-55,-60,-4
437,29.32,125,146,67,7.8,14.5,14.2,171,260,302,323,44,34,-29
438,23.633,162,192,172,6.1,15,7,167,265,259,289,-22,-14,-4
439,22.031,67,77,95,12.1,14.4,5.1,141,379,462,442,-65,-92,5
440,12.371,7,-15,19,19.3,12.8,5.6,122,426,533,525,-103,-124,-23
441,46.654,-11,-34,0,13.9,-3.7,1.1,106,362,435,442,-106,-111,-35
442,10.518,-14,-41,6,9.4,-12.3,-0.4,96,221,279,282,-119,-143,-42
443,2.398,-4,-52,15,9.1,-12.8,6.5,116,183,204,205,-18,-59,-51
444,2.0189,87,5,28,-8.6,-5.3,8.5,160,235,250,254,56,15,-38
445,3.6601,309,470,525,83.8,51.8,118.6,138,139,133,137,-26,-35,-11
446,16.996,555,631,676,60.3,51.8,82.1,147,247,276,293,29,36,2
447,25.215,135,121,149,17.9,18.2,11.9,146,275,307,330,-35,-49,-11
448,20.176,88,124,135,14.4,11.4,0.8,151,266,284,299,32,21,2
449,16.334,110,205,205,17.8,8.3,1.9,161,310,302,325,-59,-78,25
450,8.634,4,53,49,10.7,-3.8,-6.6,158,409,496,508,-57,-86,5
451,3.5244,-64,-74,-80,-4.5,-23.6,-24.7,127,347,438,459,-32,-50,-9
452,6.016,-99,-195,-209,-21,-39.5,-29.1,107,316,370,393,-106,-114,-24
453,1.8705,-27,-106,-227,-22.9,-34.9,-10.3,72,250,275,279,-101,-111,-44
454,0.75424,56,-21,-58,-29.4,-28.3,7.1,65,125,113,127,-54,-70,-36
455,1.3752,367,583,584,139.8,109.6,143.1,138,139,133,137,-11,-25,-17
456,3.1249,554,651,687,94.9,80.1,93.8,147,247,276,293,32,29,4
457,4.0339,169,125,169,30.3,21.9,15.2,146,275,307,330,-43,-46,-21
458,5.6781,99,100,156,20.2,9,-3.8,151,266,284,299,6,11,-6
459,7.5439,65,141,151,19.7,2.3,-4.8,161,310,302,325,-64,-72,-9
460,3.0151,-54,-22,-32,11.6,-7.5,-10.1,158,409,496,508,-63,-74,-14
461,1.1305,-123,-151,-184,-9.4,-30,-28.7,127,347,438,459,11,1,-18
462,2.0954,184,150,175,35.3,21.6,18.7,141,263,314,322,-48,-50,-14
463,2.7747,127,92,151,22.6,7.3,-1.4,152,283,326,327,-1,-2,-12
464,3.1932,42,79,88,14.9,-4.9,-10.4,163,386,422,423,-70,-59,-34
465,1.5108,-87,-85,-95,10.7,-8.2,-11.1,168,425,514,526,-54,-61,-19
466,0.76634,169,205,235,24.4,5.8,9.7,141,263,314,322,-36,-50,-8
467,0.93093,124,103,135,15.4,-1.2,-2.1,152,283,326,327,-4,-33,12
468,0.96318,13,-2,21,-3.7,-16.6,-17.5,163,386,422,423,-57,-80,10
469,0.39884,-74,-87,-86,-12.4,-19.1,-18.6,168,425,514,526,-18,-43,-6
470,593.12,-141,-175,-222,-3.9,-8.1,-5.4,164,477,537,523,-103,-147,-12
471,0.30004,-88,-127,-136,6.1,4.5,1.6,165,488,565,547,-17,-68,-16
472,0.45199,100,68,14,6.5,21.5,-7.3,175,423,495,498,-40,-46,-36
473,0.20227,140,128,95,7.6,24.1,-6.3,171,439,491,503,-31,-62,-8
474,0.31278,200,280,246,7.3,4.9,15.5,171,233,243,246,2,-26,-12
475,2.4713,148,241,193,2.4,-1,7.4,168,212,222,236,13,9,-21
476,1.0286,36,98,8,-8.2,-9,-6,167,270,305,320,14,2,-28
477,1.053,-101,-159,-250,-24.5,-22.7,-18,166,361,438,430,-57,-57,-27
478,7.3355,-118,-188,-223,-21.9,-21,-12.7,161,403,472,460,-22,-60,-29
479,31.762,-8,-134,-124,-12.2,-11,-16.7,165,313,377,370,-33,-63,-15
480,2.3899,174,162,201,14,29.1,-13.8,170,264,284,302,-54,-76,-15
481,0.99709,219,223,286,16.6,30.3,-7.2,176,268,285,301,-57,-73,-31
482,1.6765,269,384,313,108.3,133.1,12.4,96,110,135,129,-38,-70,-11
483,8.1883,338,458,316,113.1,133.4,36,146,173,209,199,-91,-93,7
484,7.5377,254,427,236,39.1,37.2,36.5,141,230,284,280,27,37,-7
485,4.5608,216,289,186,15.4,9.7,14.2,156,229,246,246,-30,-33,-22
486,5.9164,247,285,279,5.5,2.7,7.7,171,233,243,246,9,15,-28
487,6.4219,216,256,220,1.1,0.2,4.2,168,212,222,236,22,31,-24
488,7.8777,105,126,21,-7.9,-6.3,-5.1,167,270,305,320,-18,-31,-9
489,8.7963,-37,-107,-228,-18,-14.8,-11.2,166,361,438,430,-72,-93,-5
490,6.1122,-8,-73,-148,-10.2,-9.9,-4.4,161,403,472,460,-8,-25,-27
491,3.2206,57,-65,-64,1.6,-0.6,-7.7,165,313,377,370,-87,-89,-20
492,6.5535e+05,208,202,172,24.7,30.5,-12.1,170,264,284,302,-14,-56,-22
493,25.256,220,217,309,27.5,33.4,-3.3,176,268,285,301,-48,-63,-32
494,6.1173,281,343,298,122.1,139.9,-18,103,152,154,160,-37,-49,-36
495,102.46,277,471,429,202.9,201.6,9.4,144,241,308,293,-71,-62,-9
496,213.29,215,245,248,29.9,41.8,45.4,149,256,316,326,38,30,0
497,192.78,177,203,176,23.7,21.8,38,179,273,284,297,-10,-10,-17
498,180.22,222,199,231,9.5,11.2,20.2,171,279,279,294,34,26,-8
499,120.78,194,181,214,7.4,11.1,19.4,178,265,280,283,12,4,0
500,97.378,113,97,80,7,9.7,19.3,174,346,389,404,-52,-46,-12
501,72.302,32,-14,-65,12.5,7.4,12.3,168,393,531,520,-67,-79,-13
502,26.367,47,-6,-33,22.1,11.6,11,168,342,463,465,-41,-62,-16
503,7.59,47,9,-56,34.1,18,12.4,181,264,356,361,-51,-69,-16
504,3.4654,90,79,40,26.8,19.3,-2.9,176,240,296,320,2,-39,-17
505,16.016,136,123,160,19.8,20.1,-7.8,171,255,351,370,-7,-42,-4
506,31.265,292,349,310,80.9,10.6,-49.6,103,152,154,160,-25,-48,-27
507,42931,319,464,516,74,38.5,1.3,144,241,308,293,-52,-42,-26
508,46440,211,232,295,13,31.6,42,149,256,316,326,25,4,7
509,14691,169,169,202,16.7,25.5,41.4,179,273,284,297,-1,-47,26
510,4387.8,179,168,201,14.7,18.7,32.3,171,279,279,294,44,21,-7
511,1513.4,126,145,192,10.5,14.1,31.5,178,265,280,283,12,-15,-12
512,620.85,63,81,112,8.9,10.1,31.6,174,346,389,404,-63,-57,-24
513,232.55,37,30,49,11.6,10.1,16.9,168,393,531,520,-59,-69,-29
514,55.036,47,18,32,11.9,11.5,7.4,168,342,463,465,-32,-55,-26
515,14.347,31,-3,-24,14.2,14.2,5.4,181,264,356,361,-24,-57,-27
516,5.4601,41,10,-24,12.7,16.4,2.8,176,240,296,320,-41,-64,-23
517,181.8,219,367,321,78.5,12.2,-59.8,120,138,138,146,-21,-80,19
518,2.3697e+05,321,464,575,82.2,18.9,-3.4,140,235,299,301,-25,-34,-7
519,2.1308e+05,214,236,420,10.6,24.2,34.9,160,275,330,341,1,-5,-22
520,43723,155,142,205,11.1,23,32.1,182,278,312,334,27,10,-12
521,6414.7,142,146,177,16.1,20.4,32.4,160,310,313,335,41,34,-12
522,2321,75,113,161,10.1,12.1,34.3,161,361,385,378,3,-8,-22
523,979.13,15,66,116,2.6,4.1,34.5,157,455,529,506,-52,-70,9
524,190.69,40,74,105,0,5.9,14.9,138,362,480,467,-34,-61,0
525,48.922,50,52,86,-3,8.8,2.5,152,265,365,366,-32,-49,-31
526,20.096,29,10,23,-6.3,7.4,-3.7,173,262,362,363,-51,-68,-37
527,7.888,26,1,-53,-2.4,8.7,7.1,174,295,390,398,-20,-41,-24
528,101.19,53,341,252,155.4,249.4,5,120,138,138,146,-40,-84,14
529,2.5836e+15,185,370,488,148,114.3,16.2,140,235,299,301,-2,-5,-2
530,22303,143,184,261,28.2,24.1,27.1,160,275,330,341,-7,-7,-36
531,3236.1,143,116,134,10.2,11.5,15.3,182,278,312,334,31,51,-53
532,472.58,125,115,123,6.3,13.7,10.8,160,310,313,335,19,24,1
533,238.77,51,53,84,7.1,11.7,17.6,161,361,385,378,-51,-55,-9
534,139.27,4,17,62,0.9,3.3,19.6,157,455,529,506,-25,-48,-2
535,35.034,30,69,104,-8.3,-4.6,4.2,138,362,480,467,19,-17,-4
536,16.527,38,55,101,0.5,2.1,3.4,152,265,365,366,-53,-64,-22
537,12.289,27,11,57,6.2,3.5,5.4,173,262,362,363,-27,-44,-28
538,6.3219,61,24,-20,-10.8,-12.8,13,174,295,390,398,-12,-22,-26
539,10.184,55,341,220,189.9,187,64.7,139,114,138,143,-24,-35,-18
540,413.27,136,342,388,83.5,86.8,36.3,154,240,286,308,48,43,-12
541,440.91,104,161,169,23.2,23.3,24.5,157,319,376,390,-17,-34,-2
542,89.52,138,124,83,8.6,12.4,14.6,164,301,342,358,23,17,-21
543,29.314,144,134,130,3.6,14.7,7,165,359,374,387,19,17,10
544,24.44,59,49,76,9.9,16.4,11.4,150,465,526,513,-39,-57,-2
545,5017.4,6,-10,29,12.9,12.9,14.3,136,472,587,561,-29,-29,-41
546,100.98,4,16,54,4.4,-3.8,2.3,113,315,361,387,8,25,-49
547,7.3399,4,1,56,10.6,-3.3,3.1,125,260,290,306,-69,-90,-12
548,4.4997,-4,-33,36,18.1,-1.2,10.8,140,218,268,279,6,-35,-29
549,4.3296,70,8,8,-6.6,-13.5,9.8,150,234,274,279,-43,-43,-42
550,8.5462,118,355,267,128.8,71.4,96.8,139,114,138,143,-32,-42,-24
551,127.56,156,346,349,37.4,44.8,55.5,154,240,286,308,51,40,-2
552,172.45,85,145,116,12.9,19.1,20.1,157,319,376,390,-43,-66,13
553,61.004,125,146,67,7.8,14.5,14.2,164,301,342,358,31,7,-6
554,34.422,162,192,172,6.1,15,7,165,359,374,387,-8,-3,-10
555,23.778,67,77,95,12.1,14.4,5.1,150,465,526,513,-12,-34,-28
556,11.753,7,-15,19,19.3,12.8,5.6,136,472,587,561,-106,-120,-34
557,1144.8,-11,-34,0,13.9,-3.7,1.1,113,315,361,387,-93,-96,-31
558,5.0168,-14,-41,6,9.4,-12.3,-0.4,125,260,290,306,-38,-70,-18
559,2.5792,-4,-52,15,9.1,-12.8,6.5,140,218,268,279,-4,-29,-28
560,4.0132,309,470,525,83.8,51.8,118.6,137,119,136,134,-32,-52,-12
561,33.641,555,631,676,60.3,51.8,82.1,152,230,263,278,39,23,8
562,70.867,135,121,149,17.9,18.2,11.9,141,286,324,352,-34,-49,-15
563,48.895,88,124,135,14.4,11.4,0.8,144,310,331,340,17,32,-19
564,28.601,110,205,205,17.8,8.3,1.9,161,395,407,405,-41,-38,-11
565,12.156,4,53,49,10.7,-3.8,-6.6,147,499,570,557,-36,-47,-42
566,5.0166,-64,-74,-80,-4.5,-23.6,-24.7,139,370,472,474,-63,-91,-16
567,8.3472,-99,-195,-209,-21,-39.5,-29.1,99,272,288,328,-102,-135,-7
568,3.6006,-27,-106,-227,-22.9,-34.9,-10.3,102,237,229,242,-14,-41,-21
569,1.3552,56,-21,-58,-29.4,-28.3,7.1,96,139,131,146,-7,-26,-14
570,1.3303,367,583,584,139.8,109.6,143.1,137,119,136,134,4,-19,-18
571,4.9307,554,651,687,94.9,80.1,93.8,152,230,263,278,65,51,5
572,7.901,169,125,169,30.3,21.9,15.2,141,286,324,352,-30,-33,-23
573,88.649,99,100,156,20.2,9,-3.8,144,310,331,340,5,8,1
574,63.478,65,141,151,19.7,2.3,-4.8,161,395,407,405,-50,-61,-6
575,3.2499,-54,-22,-32,11.6,-7.5,-10.1,147,499,570,557,-37,-55,-21
576,2.7336,-123,-151,-184,-9.4,-30,-28.7,139,370,472,474,16,8,-22
577,2.7611,184,150,175,35.3,21.6,18.7,125,243,291,310,-44,-53,-11
578,10.93,127,92,151,22.6,7.3,-1.4,158,294,331,337,-14,-34,9
579,72451,42,79,88,14.9,-4.9,-10.4,155,394,424,416,-57,-60,-20
580,1.404,-87,-85,-95,10.7,-8.2,-11.1,145,487,578,567,-31,-61,0
581,0.87685,169,205,235,24.4,5.8,9.7,125,243,291,310,-40,-46,-22
582,0.98922,124,103,135,15.4,-1.2,-2.1,158,294,331,337,-10,-7,-17
583,0.86784,13,-2,21,-3.7,-16.6,-17.5,155,394,424,416,-58,-52,-12
584,0.38515,-74,-87,-86,-12.4,-19.1,-18.6,145,487,578,567,-40,-55,-7
585,21.189,338,458,316,113.1,133.4,36,129,134,148,141,-72,-82,-16
586,5.0285,254,427,236,39.1,37.2,36.5,156,213,257,237,53,44,12
587,1.6493,216,289,186,15.4,9.7,14.2,169,227,281,268,-58,-84,3
588,1.6992,247,285,279,5.5,2.7,7.7,175,247,277,269,-5,-25,-14
589,2.4229,216,256,220,1.1,0.2,4.2,172,247,264,250,0,16,-28
590,1.5132,105,126,21,-7.9,-6.3,-5.1,171,238,271,271,-18,-6,-39
591,1.5004,-37,-107,-228,-18,-14.8,-11.2,173,364,444,441,-64,-80,-26
592,1.6886,-8,-73,-148,-10.2,-9.9,-4.4,169,438,504,490,1,-29,-22
593,1.4559,57,-65,-64,1.6,-0.6,-7.7,166,376,439,426,-80,-99,-5
594,13.599,277,471,429,202.9,201.6,9.4,138,203,215,222,-58,-44,-26
595,31.799,215,245,248,29.9,41.8,45.4,150,276,351,334,48,66,-7
596,41.474,177,203,176,23.7,21.8,38,183,282,348,349,-39,-35,-29
597,28.887,222,199,231,9.5,11.2,20.2,172,301,329,333,3,-7,-11
598,18.231,194,181,214,7.4,11.1,19.4,172,296,318,314,6,-2,-2
599,11.28,113,97,80,7,9.7,19.3,194,348,386,397,-25,-26,-11
600,8.3002,32,-14,-65,12.5,7.4,12.3,181,538,621,619,-46,-65,-15
601,6.7357,47,-6,-33,22.1,11.6,11,179,430,519,521,-15,-29,-17
602,4.7463,47,9,-56,34.1,18,12.4,184,346,442,451,-57,-53,-37
603,2.6411,90,79,40,26.8,19.3,-2.9,186,324,437,441,-28,-42,-42
604,4989,319,464,516,74,38.5,1.3,138,203,215,222,-74,-49,-43
605,6417.9,211,232,295,13,31.6,42,150,276,351,334,32,51,-23
606,3717.4,169,169,202,16.7,25.5,41.4,183,282,348,349,-27,-52,-2
607,915.25,179,168,201,14.7,18.7,32.3,172,301,329,333,11,17,-10
608,155.23,126,145,192,10.5,14.1,31.5,172,296,318,314,4,-23,6
609,38.923,63,81,112,8.9,10.1,31.6,194,348,386,397,-34,-57,13
610,18.284,37,30,49,11.6,10.1,16.9,181,538,621,619,-43,-57,-12
611,13.313,47,18,32,11.9,11.5,7.4,179,430,519,521,-32,-32,-17
612,8.3358,31,-3,-24,14.2,14.2,5.4,184,346,442,451,-33,-43,-30
613,3.9363,41,10,-24,12.7,16.4,2.8,186,324,437,441,-47,-62,-23
614,9845.5,321,464,575,82.2,18.9,-3.4,143,197,221,232,-41,-52,-5
615,60146,214,236,420,10.6,24.2,34.9,145,275,346,354,25,-1,14
616,17096,155,142,205,11.1,23,32.1,170,283,362,370,6,-33,10
617,1382.2,142,146,177,16.1,20.4,32.4,161,337,354,373,19,23,-11
618,167.59,75,113,161,10.1,12.1,34.3,163,350,368,377,-5,-1,-36
619,31.154,15,66,116,2.6,4.1,34.5,179,490,549,547,-48,-42,-27
620,11.58,40,74,105,0,5.9,14.9,165,552,632,633,-41,-61,-26
621,12.256,50,52,86,-3,8.8,2.5,172,361,461,470,-26,-54,-26
622,8.3744,29,10,23,-6.3,7.4,-3.7,177,343,457,468,-35,-83,2
623,5.0509,26,1,-53,-2.4,8.7,7.1,167,394,538,542,-35,-78,-5
624,1982.1,185,370,488,148,114.3,16.2,143,197,221,232,-1,-16,14
625,8831.5,143,184,261,28.2,24.1,27.1,145,275,346,354,23,-8,9
626,1138,143,116,134,10.2,11.5,15.3,170,283,362,370,18,13,-35
627,86.638,125,115,123,6.3,13.7,10.8,161,337,354,373,12,12,-4
628,24.01,51,53,84,7.1,11.7,17.6,163,350,368,377,-56,-54,-29
629,10.465,4,17,62,0.9,3.3,19.6,179,490,549,547,-82,-87,-27
630,5.1854,30,69,104,-8.3,-4.6,4.2,165,552,632,633,-10,-47,-29
631,6.9022,38,55,101,0.5,2.1,3.4,172,361,461,470,-28,-60,-27
632,4.6028,27,11,57,6.2,3.5,5.4,177,343,457,468,-23,-53,-18
633,3.8099,61,24,-20,-10.8,-12.8,13,167,394,538,542,-34,-51,-26
634,107.38,136,342,388,83.5,86.8,36.3,154,190,229,232,34,27,-9
635,218.96,104,161,169,23.2,23.3,24.5,150,284,340,352,4,-11,-12
636,41.094,138,124,83,8.6,12.4,14.6,149,286,353,364,13,10,-44
637,10.468,144,134,130,3.6,14.7,7,163,383,413,422,-3,-14,8
638,6.9461,59,49,76,9.9,16.4,11.4,165,440,479,488,-52,-88,9
639,5.1559,6,-10,29,12.9,12.9,14.3,151,525,625,612,-54,-99,1
640,21.234,4,16,54,4.4,-3.8,2.3,144,366,437,478,-2,-15,-29
641,2.1759,4,1,56,10.6,-3.3,3.1,151,317,373,386,-55,-64,-18
642,2.2183,-4,-33,36,18.1,-1.2,10.8,150,329,398,396,-16,-26,-51
643,12.242,70,8,8,-6.6,-13.5,9.8,145,307,382,395,-59,-53,-50
644,28.637,156,346,349,37.4,44.8,55.5,154,190,229,232,45,40,-2
645,58.888,85,145,116,12.9,19.1,20.1,150,284,340,352,-29,-41,-3
646,28.84,125,146,67,7.8,14.5,14.2,149,286,353,364,11,-17,-6
647,14.994,162,192,172,6.1,15,7,163,383,413,422,-21,-39,21
648,9.0884,67,77,95,12.1,14.4,5.1,165,440,479,488,2,-14,-13
649,23477,7,-15,19,19.3,12.8,5.6,151,525,625,612,-35,-44,-17
650,215.19,-11,-34,0,13.9,-3.7,1.1,144,366,437,478,-12,-9,-28
651,4.6459,-14,-41,6,9.4,-12.3,-0.4,151,317,373,386,-26,-42,-15
652,17.476,555,631,676,60.3,51.8,82.1,151,192,220,215,40,32,10
653,48.472,135,121,149,17.9,18.2,11.9,138,278,315,321,-29,-30,-6
654,28.301,88,124,135,14.4,11.4,0.8,149,289,317,323,0,-3,-6
655,13.513,110,205,205,17.8,8.3,1.9,168,407,434,427,-20,-26,-8
656,5.6438,4,53,49,10.7,-3.8,-6.6,162,502,554,547,-14,-10,-41
657,5.4779,-64,-74,-80,-4.5,-23.6,-24.7,132,432,527,526,-27,-26,-32
658,1.5444,-99,-195,-209,-21,-39.5,-29.1,115,183,227,279,-26,-42,-17
659,5.2655,-27,-106,-227,-22.9,-34.9,-10.3,125,210,204,221,-4,-25,-10
660,3.2461,554,651,687,94.9,80.1,93.8,151,192,220,215,54,50,3
661,5.8592,169,125,169,30.3,21.9,15.2,138,278,315,321,-25,-19,-23
662,263.81,99,100,156,20.2,9,-3.8,149,289,317,323,-13,-9,-11
663,137.46,65,141,151,19.7,2.3,-4.8,168,407,434,427,-34,-33,-29
664,1.8014,-54,-22,-32,11.6,-7.5,-10.1,162,502,554,547,-43,-60,-22
665,2.4871,-123,-151,-184,-9.4,-30,-28.7,132,432,527,526,-3,-26,-14
666,1.3371,184,150,175,35.3,21.6,18.7,118,254,298,307,-34,-35,-18
667,0.92175,127,92,151,22.6,7.3,-1.4,159,274,302,309,-24,-39,5
668,1.4382e+05,42,79,88,14.9,-4.9,-10.4,167,386,426,409,-44,-45,-18
669,0.5465,-87,-85,-95,10.7,-8.2,-11.1,157,483,555,537,-37,-69,1
670,0.43832,169,205,235,24.4,5.8,9.7,118,254,298,307,-54,-62,-1
671,0.2998,124,103,135,15.4,-1.2,-2.1,159,274,302,309,-10,-26,1
672,0.22741,13,-2,21,-3.7,-16.6,-17.5,167,386,426,409,-35,-41,-9
673,0.24463,-74,-87,-86,-12.4,-19.1,-18.6,157,483,555,537,-35,-50,-14
674,2.8219,254,427,236,39.1,37.2,36.5,146,184,205,199,76,88,-10
675,0.56669,216,289,186,15.4,9.7,14.2,161,210,260,256,-69,-76,-3
676,0.32161,247,285,279,5.5,2.7,7.7,177,232,287,283,13,-25,-3
677,0.79449,216,256,220,1.1,0.2,4.2,158,276,307,286,10,-13,13
678,0.2537,105,126,21,-7.9,-6.3,-5.1,165,273,323,303,-29,-40,-5
679,0.17148,-37,-107,-228,-18,-14.8,-11.2,153,309,406,397,-85,-82,-16
680,1.4084,215,245,248,29.9,41.8,45.4,149,250,295,280,74,61,24
681,0.38614,177,203,176,23.7,21.8,38,165,273,342,344,-70,-91,-2
682,0.63426,222,199,231,9.5,11.2,20.2,176,296,370,373,9,-7,-13
683,1.5966,194,181,214,7.4,11.1,19.4,165,333,382,361,22,20,-13
684,1.107,113,97,80,7,9.7,19.3,173,373,454,424,-37,-28,-27
685,0.70229,32,-14,-65,12.5,7.4,12.3,169,549,640,623,-68,-74,-25
686,0.88432,47,-6,-33,22.1,11.6,11,179,632,700,674,5,-17,-25
687,1.4405,47,9,-56,34.1,18,12.4,176,446,504,495,-26,-36,-31
688,15.663,211,232,295,13,31.6,42,149,250,295,280,60,62,3
689,0.99822,169,169,202,16.7,25.5,41.4,165,273,342,344,-75,-85,-13
690,1.3119,179,168,201,14.7,18.7,32.3,176,296,370,373,-3,14,-27
691,2.7586,126,145,192,10.5,14.1,31.5,165,333,382,361,8,17,-23
692,2.2994,63,81,112,8.9,10.1,31.6,173,373,454,424,-68,-68,-19
693,2.211,37,30,49,11.6,10.1,16.9,169,549,640,623,-56,-79,-29
694,2.3055,47,18,32,11.9,11.5,7.4,179,632,700,674,-20,-47,-10
695,2.4993,31,-3,-24,14.2,14.2,5.4,176,446,504,495,-24,-50,-10
696,543.9,214,236,420,10.6,24.2,34.9,141,273,321,308,35,41,-14
697,2.3559,155,142,205,11.1,23,32.1,153,270,342,345,-61,-65,-30
698,1.7822,142,146,177,16.1,20.4,32.4,155,312,369,379,8,1,-9
699,2.639,75,113,161,10.1,12.1,34.3,163,368,404,405,-5,-27,-3
700,1.9796,15,66,116,2.6,4.1,34.5,162,464,537,524,-94,-104,-11
701,2.2035,40,74,105,0,5.9,14.9,161,676,745,729,-65,-68,-31
702,13.103,50,52,86,-3,8.8,2.5,171,583,648,643,-41,-33,-30
703,1.5092,29,10,23,-6.3,7.4,-3.7,168,440,549,545,-26,-31,-20
704,9.1045,185,370,488,148,114.3,16.2,156,215,246,240,3,-14,25
705,2158.5,143,184,261,28.2,24.1,27.1,141,273,321,308,25,-4,14
706,2.417,143,116,134,10.2,11.5,15.3,153,270,342,345,-46,-68,-14
707,1.747,125,115,123,6.3,13.7,10.8,155,312,369,379,19,8,1
708,1.7349,51,53,84,7.1,11.7,17.6,163,368,404,405,-6,-24,-11
709,1.4889,4,17,62,0.9,3.3,19.6,162,464,537,524,-90,-100,-23
710,0.88844,30,69,104,-8.3,-4.6,4.2,161,676,745,729,-38,-50,-30
711,2.6783,38,55,101,0.5,2.1,3.4,171,583,648,643,-36,-42,-31
712,1.2762,27,11,57,6.2,3.5,5.4,168,440,549,545,-21,-40,-27
713,4.4812,136,342,388,83.5,86.8,36.3,143,226,269,274,37,18,34
714,3.3022,104,161,169,23.2,23.3,24.5,123,286,325,332,15,-17,28
715,1.6395,138,124,83,8.6,12.4,14.6,154,244,313,325,-28,-49,-14
716,1.3899,144,134,130,3.6,14.7,7,153,307,339,357,19,18,-10
717,1.2354,59,49,76,9.9,16.4,11.4,162,440,476,485,-16,-30,-20
718,0.72705,6,-10,29,12.9,12.9,14.3,155,547,619,622,-40,-71,-25
719,0.54984,4,16,54,4.4,-3.8,2.3,157,530,618,618,4,-22,-33
720,3.6149,156,346,349,37.4,44.8,55.5,143,226,269,274,45,62,-10
721,3.1229,85,145,116,12.9,19.1,20.1,123,286,325,332,-2,7,-14
722,4.9216,125,146,67,7.8,14.5,14.2,154,244,313,325,-8,-12,-30
723,2.0449,162,192,172,6.1,15,7,153,307,339,357,-10,-26,14
724,1.4895,67,77,95,12.1,14.4,5.1,162,440,476,485,-26,-44,6
725,4.0146,555,631,676,60.3,51.8,82.1,136,223,239,246,36,61,-19
726,5.9535,135,121,149,17.9,18.2,11.9,108,276,300,323,-10,5,-15
727,2.944,88,124,135,14.4,11.4,0.8,145,255,302,318,-24,-47,6
728,1.7878,110,205,205,17.8,8.3,1.9,162,298,328,331,-18,-35,12
729,1.0416,4,53,49,10.7,-3.8,-6.6,163,500,551,545,-31,-39,6
730,2.213,169,125,169,30.3,21.9,15.2,108,276,300,323,-12,-27,9
731,4.5613,99,100,156,20.2,9,-3.8,145,255,302,318,-51,-83,18
732,6.0248,65,141,151,19.7,2.3,-4.8,162,298,328,331,-19,-17,-20
733,1.372,-54,-22,-32,11.6,-7.5,-10.1,163,500,551,545,-46,-47,-20
