Ind#,TDose,T1 Pre,T1 Pos1,T1 Pos1,T1 Pos3,T2 Pre,T2 Pos1,T2 Pos2,T2 Pos3,V Pre,DCE 1,DCE 2,DCE 3,T2w Pre,T2w Pos1,T2w Pos2,T2w Pos3
1,0.90635,1072,1259,1273,1367,43.6,50.1,56.1,56.3,199,300,328,329,95,81,73,53
2,1.2084,1082,1183,1193,1245,52.1,43.8,50.1,45.4,213,309,335,327,95,73,59,41
3,1.2244,1165,1154,1167,1117,62.6,41.8,47.6,43.3,218,305,346,332,101,91,77,59
4,1.2485,1568,1317,1280,1115,81.9,53.2,54.2,52.9,214,315,324,335,101,75,69,43
5,0.77699,1090,1253,1259,1401,46.7,52,55.3,56.9,201,378,393,408,94,86,86,48
6,1.5399,1099,1207,1204,1255,46.1,47.5,49.5,54.9,213,353,383,394,96,86,74,52
7,2.1451,1180,1195,1183,1136,51,43.2,46.4,55.6,228,352,400,387,106,100,92,64
8,1.794,1580,1364,1355,1092,80.9,48.3,50.8,56.9,228,375,383,383,118,92,84,48
9,0.63283,1112,1228,1253,1343,48.6,51.5,53.2,56.1,201,378,393,408,107,81,57,57
10,2.2821,1134,1191,1206,1219,48.4,47.8,46.6,57.8,213,353,383,394,101,82,61,57
11,3.3136,1216,1200,1195,1142,49.6,44.3,44.1,61.3,228,352,400,387,107,92,66,66
12,2.4341,1580,1360,1368,1154,77.4,49.5,51.1,58.1,228,375,383,383,109,94,66,58
13,0.25312,1193,1397,1390,1447,52.8,69.2,78.3,76.3,208,367,400,409,98,68,51,40
14,0.75014,1121,1219,1248,1289,46.8,52.3,55,58.4,198,429,429,433,104,76,60,60
15,1.9529,1162,1176,1197,1179,49.4,47.6,47.1,59.5,207,381,395,408,112,74,68,56
16,2.7688,1249,1200,1198,1148,52.7,44.9,44.3,64.6,212,363,407,393,108,83,59,52
17,4.401,1573,1356,1371,1248,74.8,50.7,53.4,59.8,209,394,397,393,111,100,61,48
18,0.41284,1256,1525,1510,1513,68.7,79.1,96.1,75.5,208,367,400,409,110,74,62,43
19,1.0738,1123,1260,1271,1295,46.8,54.6,67.6,67,198,429,429,433,95,83,83,62
20,1.9413,1171,1191,1202,1206,45.1,48.4,54.5,63.3,207,381,395,408,118,80,74,62
21,3.4618,1265,1212,1222,1211,51.9,45.9,48.9,59,212,363,407,393,112,92,85,51
22,6.1616,1559,1351,1370,1435,83.9,50.2,58,61.8,209,394,397,393,111,103,72,47
23,0.4965,1294,1558,1526,1497,70.1,80.1,99.3,73,197,371,421,417,137,79,64,42
24,1.4166,1144,1299,1308,1312,52.1,56.1,69.1,68.2,210,448,465,457,82,93,76,57
25,2.4875,1177,1218,1237,1236,45.8,50,55.7,62.6,216,436,433,442,95,85,65,57
26,5.2513,1252,1224,1251,1256,49.4,48.2,50.1,55.1,205,382,399,391,109,88,85,52
27,5.8187,1545,1345,1374,1477,90.7,53.2,59.2,60.3,204,403,393,407,103,90,81,48
28,0.40923,1323,1555,1522,1460,65.9,80,95.6,71.7,197,371,421,417,134,75,58,39
29,1.402,1176,1336,1354,1309,56.7,58.7,67.6,67,210,448,465,457,91,81,73,44
30,2.9881,1186,1255,1284,1268,50.4,51.6,55.9,59.9,216,436,433,442,97,74,47,46
31,7.8877,1243,1246,1284,1298,50.2,50.3,50.8,52.8,205,382,399,391,110,77,55,45
32,4.6053,1540,1344,1381,1474,91.5,58.7,61.2,59.8,204,403,393,407,103,85,68,50
33,0.41539,1346,1519,1491,1439,67.3,77.7,84.7,84.3,198,363,380,379,121,65,55,40
34,1.474,1230,1388,1406,1296,55.3,63.5,67.7,65.4,212,452,472,463,93,73,71,44
35,3.6194,1212,1332,1359,1309,58.7,54.6,60.8,54.7,214,444,435,442,93,68,58,42
36,5.264,1252,1304,1322,1341,62,50.8,57.6,53.1,203,403,369,379,98,77,62,47
37,4.748,1570,1354,1355,1431,82.9,64.1,63.7,67.5,218,412,377,396,90,79,64,49
38,0.45315,1342,1518,1481,1471,71.7,77.4,82.1,97.3,198,363,380,379,123,65,47,35
39,1.9292,1230,1398,1395,1313,53,64.1,69.7,68.4,212,452,472,463,97,86,65,55
40,3.5785,1209,1346,1357,1312,56.2,55.1,64,55.4,214,444,435,442,96,72,60,40
41,4.7836,1249,1317,1313,1339,64.4,50.5,61.7,53.9,203,403,369,379,91,77,72,50
42,7.4198,1596,1345,1313,1402,86.1,61.1,64.3,71.6,218,412,377,396,93,79,67,42
43,0.62352,1337,1537,1482,1527,73.3,79.4,80.7,109.2,210,367,401,394,128,80,55,49
44,2.1537,1209,1407,1376,1332,53.6,65,69.7,73.5,211,459,522,495,100,89,68,75
45,2.719,1194,1344,1331,1305,52.1,56.6,64.7,59.8,205,400,440,430,102,75,45,50
46,3.7045,1245,1309,1291,1311,60.2,51.4,63,57.3,204,405,397,403,94,59,54,47
47,8.321,1628,1324,1278,1349,94.9,59.7,65.7,71.2,224,394,388,408,97,75,59,37
48,0.49927,1340,1582,1525,1627,68.7,87.9,83.4,120.3,210,367,401,394,129,83,83,60
49,0.99145,1206,1406,1375,1387,61.4,66.3,67.8,78.6,211,459,522,495,103,88,86,65
50,1.2642,1213,1326,1307,1298,54.8,58.7,61.8,73.1,205,400,440,430,102,76,55,52
51,2.034,1303,1291,1276,1232,54.6,54.3,57.5,71.7,204,405,397,403,97,57,47,46
52,6.7635,1882,1302,1308,1189,107.1,61.7,61.9,68.5,224,394,388,408,91,82,52,41
53,0.39582,1223,1388,1393,1398,62.8,64.8,67.5,74,213,489,520,510,105,102,94,57
54,0.58697,1250,1316,1323,1311,59.3,58.3,60.9,72.5,208,409,439,431,102,80,74,49
55,1.3173,1362,1294,1293,1216,58.6,55.1,56.4,72.3,213,412,434,432,95,76,58,49
56,5.9909,1926,1336,1364,1153,108.4,62.7,58.4,68.7,214,389,400,424,94,88,63,51
57,3.4768,1072,1259,1273,1367,43.6,50.1,56.1,56.3,203,294,324,310,104,69,65,55
58,4.564,1082,1183,1193,1245,52.1,43.8,50.1,45.4,212,312,324,323,114,94,71,53
59,5.9642,1165,1154,1167,1117,62.6,41.8,47.6,43.3,217,305,330,322,102,99,91,63
60,11.872,1568,1317,1280,1115,81.9,53.2,54.2,52.9,207,336,341,338,126,67,69,35
61,2.8567,1178,1322,1328,1453,55.1,56.3,67.4,77.9,218,350,380,395,120,79,61,51
62,4.9549,1090,1253,1259,1401,46.7,52,55.3,56.9,207,346,370,377,107,74,68,43
63,11.187,1099,1207,1204,1255,46.1,47.5,49.5,54.9,209,367,375,382,107,85,81,53
64,14.457,1180,1195,1183,1136,51,43.2,46.4,55.6,221,364,384,375,96,80,89,69
65,18.817,1580,1364,1355,1092,80.9,48.3,50.8,56.9,220,396,400,387,122,84,60,41
66,2.3473,1177,1341,1335,1435,52.1,60.9,71,76.2,218,350,380,395,114,93,57,53
67,5.88,1112,1228,1253,1343,48.6,51.5,53.2,56.1,207,346,370,377,116,75,49,51
68,17.619,1134,1191,1206,1219,48.4,47.8,46.6,57.8,209,367,375,382,106,81,75,49
69,30.322,1216,1200,1195,1142,49.6,44.3,44.1,61.3,221,364,384,375,98,75,63,53
70,42.232,1580,1360,1368,1154,77.4,49.5,51.1,58.1,220,396,400,387,122,95,85,47
71,0.88978,1285,1475,1447,1437,66.9,79.6,88.4,91,204,498,574,558,103,103,79,69
72,3.2859,1193,1397,1390,1447,52.8,69.2,78.3,76.3,198,390,435,443,88,85,68,50
73,8.5802,1121,1219,1248,1289,46.8,52.3,55,58.4,204,369,398,404,96,64,56,54
74,26.037,1162,1176,1197,1179,49.4,47.6,47.1,59.5,201,386,390,401,108,76,68,46
75,40.486,1249,1200,1198,1148,52.7,44.9,44.3,64.6,199,387,400,398,108,76,60,48
76,119.4,1573,1356,1371,1248,74.8,50.7,53.4,59.8,207,397,412,388,134,92,80,56
77,1.6007,1399,1597,1552,1481,77.7,91.3,101.4,86.5,204,498,574,558,101,107,101,71
78,6.9445,1256,1525,1510,1513,68.7,79.1,96.1,75.5,198,390,435,443,90,85,75,44
79,13.245,1123,1260,1271,1295,46.8,54.6,67.6,67,204,369,398,404,87,66,64,43
80,18.052,1171,1191,1202,1206,45.1,48.4,54.5,63.3,201,386,390,401,106,66,64,50
81,60.173,1265,1212,1222,1211,51.9,45.9,48.9,59,199,387,400,398,112,68,73,56
82,223.5,1559,1351,1370,1435,83.9,50.2,58,61.8,207,397,412,388,125,78,53,54
83,3.1799,1428,1618,1560,1475,75.1,90,104.5,79.8,214,442,531,539,106,118,91,80
84,9.2129,1294,1558,1526,1497,70.1,80.1,99.3,73,200,423,458,456,92,88,60,43
85,15.823,1144,1299,1308,1312,52.1,56.1,69.1,68.2,201,364,423,417,87,81,50,49
86,23.449,1177,1218,1237,1236,45.8,50,55.7,62.6,210,396,413,422,102,71,49,59
87,66.114,1252,1224,1251,1256,49.4,48.2,50.1,55.1,200,395,405,419,110,77,66,65
88,177.04,1545,1345,1374,1477,90.7,53.2,59.2,60.3,199,414,422,403,124,87,65,46
89,2.2449,1429,1610,1552,1474,74.1,86.5,102.6,76.3,214,442,531,539,110,100,79,64
90,5.6781,1323,1555,1522,1460,65.9,80,95.6,71.7,200,423,458,456,99,95,63,57
91,12.112,1176,1336,1354,1309,56.7,58.7,67.6,67,201,364,423,417,102,75,61,46
92,23.672,1186,1255,1284,1268,50.4,51.6,55.9,59.9,210,396,413,422,106,86,54,52
93,61.446,1243,1246,1284,1298,50.2,50.3,50.8,52.8,200,395,405,419,104,86,69,55
94,111.68,1540,1344,1381,1474,91.5,58.7,61.2,59.8,199,414,422,403,110,92,76,50
95,1.914,1409,1568,1537,1524,83,79.8,89.8,85.7,213,448,487,520,95,82,71,51
96,4.8203,1346,1519,1491,1439,67.3,77.7,84.7,84.3,200,412,405,416,93,81,66,68
97,9.0023,1230,1388,1406,1296,55.3,63.5,67.7,65.4,204,374,407,399,99,63,63,48
98,20.275,1212,1332,1359,1309,58.7,54.6,60.8,54.7,214,400,403,409,113,76,63,47
99,69.097,1252,1304,1322,1341,62,50.8,57.6,53.1,215,396,385,396,109,73,68,52
100,219.18,1570,1354,1355,1431,82.9,64.1,63.7,67.5,198,421,399,395,101,82,65,49
101,2.1252,1406,1554,1536,1572,83.6,80.1,85.6,97.4,213,448,487,520,91,82,71,56
102,4.947,1342,1518,1481,1471,71.7,77.4,82.1,97.3,200,412,405,416,100,69,71,63
103,11.522,1230,1398,1395,1313,53,64.1,69.7,68.4,204,374,407,399,100,69,48,52
104,23.751,1209,1346,1357,1312,56.2,55.1,64,55.4,214,400,403,409,112,71,57,47
105,100.6,1249,1317,1313,1339,64.4,50.5,61.7,53.9,215,396,385,396,104,75,63,57
106,571.93,1596,1345,1313,1402,86.1,61.1,64.3,71.6,198,421,399,395,99,80,62,47
107,5.3088,1337,1537,1482,1527,73.3,79.4,80.7,109.2,196,371,397,398,107,85,77,50
108,14.229,1209,1407,1376,1332,53.6,65,69.7,73.5,216,393,427,420,101,86,50,50
109,26.621,1194,1344,1331,1305,52.1,56.6,64.7,59.8,207,392,420,404,98,78,48,47
110,98.426,1245,1309,1291,1311,60.2,51.4,63,57.3,217,392,408,390,100,71,60,49
111,524.45,1628,1324,1278,1349,94.9,59.7,65.7,71.2,208,380,398,395,100,86,75,54
112,3.5003,1340,1582,1525,1627,68.7,87.9,83.4,120.3,196,371,397,398,96,63,55,40
113,7.2205,1206,1406,1375,1387,61.4,66.3,67.8,78.6,216,393,427,420,104,91,86,47
114,13.058,1213,1326,1307,1298,54.8,58.7,61.8,73.1,207,392,420,404,109,76,65,47
115,47.776,1303,1291,1276,1232,54.6,54.3,57.5,71.7,217,392,408,390,123,73,68,45
116,224.81,1882,1302,1308,1189,107.1,61.7,61.9,68.5,208,380,398,395,112,96,68,50
117,1.2903,1347,1596,1555,1619,69,92.2,90.4,115.3,198,395,435,427,89,21,26,14
118,2.6079,1223,1388,1393,1398,62.8,64.8,67.5,74,211,431,449,454,108,93,88,40
119,8.4041,1250,1316,1323,1311,59.3,58.3,60.9,72.5,212,412,426,420,108,86,75,50
120,2128.8,1362,1294,1293,1216,58.6,55.1,56.4,72.3,213,405,413,403,113,87,74,50
121,93.644,1926,1336,1364,1153,108.4,62.7,58.4,68.7,216,380,410,421,98,90,67,52
122,1.4906,1223,1345,1382,1382,55.2,64.5,67.2,66.1,211,431,449,454,87,89,66,64
123,4.7885,1276,1303,1338,1316,60.8,58.5,61.2,65.3,212,412,426,420,102,82,61,47
124,13.125,1408,1308,1338,1250,70.6,58,59.6,64,213,405,413,403,99,83,60,53
125,3.9699,1072,1259,1273,1367,43.6,50.1,56.1,56.3,210,292,321,330,101,94,70,66
126,5.8121,1082,1183,1193,1245,52.1,43.8,50.1,45.4,212,323,330,345,105,98,74,60
127,38.309,1165,1154,1167,1117,62.6,41.8,47.6,43.3,206,307,334,332,129,86,63,49
128,215.46,1568,1317,1280,1115,81.9,53.2,54.2,52.9,199,328,346,337,155,100,82,51
129,4.1147,1178,1322,1328,1453,55.1,56.3,67.4,77.9,199,542,572,575,104,109,81,77
130,7.4802,1090,1253,1259,1401,46.7,52,55.3,56.9,220,344,383,400,108,83,53,47
131,21.652,1099,1207,1204,1255,46.1,47.5,49.5,54.9,212,368,365,396,107,91,79,59
132,188.46,1180,1195,1183,1136,51,43.2,46.4,55.6,208,367,380,393,136,85,63,53
133,520.48,1580,1364,1355,1092,80.9,48.3,50.8,56.9,208,381,402,400,152,111,77,51
134,1.8623,1236,1404,1373,1424,60.6,70.8,81.1,89.3,196,580,628,617,156,149,133,104
135,5.1154,1177,1341,1335,1435,52.1,60.9,71,76.2,199,542,572,575,99,116,102,76
136,11.938,1112,1228,1253,1343,48.6,51.5,53.2,56.1,220,344,383,400,113,72,72,55
137,33.867,1134,1191,1206,1219,48.4,47.8,46.6,57.8,212,368,365,396,107,87,85,57
138,394,1216,1200,1195,1142,49.6,44.3,44.1,61.3,208,367,380,393,121,79,39,47
139,1476.2,1580,1360,1368,1154,77.4,49.5,51.1,58.1,208,381,402,400,129,104,67,53
140,2.5719,1285,1475,1447,1437,66.9,79.6,88.4,91,206,594,667,651,139,136,141,91
141,7.9393,1193,1397,1390,1447,52.8,69.2,78.3,76.3,205,540,593,595,87,95,96,61
142,17.844,1121,1219,1248,1289,46.8,52.3,55,58.4,202,371,408,421,109,75,79,59
143,173.53,1162,1176,1197,1179,49.4,47.6,47.1,59.5,191,391,392,407,105,95,83,52
144,795.78,1249,1200,1198,1148,52.7,44.9,44.3,64.6,190,383,394,411,107,81,62,44
145,4958.6,1573,1356,1371,1248,74.8,50.7,53.4,59.8,196,382,412,410,123,91,76,56
146,3.8312,1399,1597,1552,1481,77.7,91.3,101.4,86.5,206,594,667,651,166,138,126,102
147,19.764,1256,1525,1510,1513,68.7,79.1,96.1,75.5,205,540,593,595,110,103,85,69
148,28.724,1123,1260,1271,1295,46.8,54.6,67.6,67,202,371,408,421,114,97,52,44
149,61.184,1171,1191,1202,1206,45.1,48.4,54.5,63.3,191,391,392,407,92,92,69,54
150,2241.8,1265,1212,1222,1211,51.9,45.9,48.9,59,190,383,394,411,111,94,75,54
151,12377,1559,1351,1370,1435,83.9,50.2,58,61.8,196,382,412,410,117,102,67,64
152,6.7983,1428,1618,1560,1475,75.1,90,104.5,79.8,212,534,634,644,211,171,141,111
153,26.22,1294,1558,1526,1497,70.1,80.1,99.3,73,210,458,543,546,122,127,104,74
154,40.234,1144,1299,1308,1312,52.1,56.1,69.1,68.2,194,394,430,433,114,102,71,51
155,93.534,1177,1218,1237,1236,45.8,50,55.7,62.6,193,404,434,421,100,79,48,59
156,4736.4,1252,1224,1251,1256,49.4,48.2,50.1,55.1,197,399,425,434,124,102,66,63
157,19298,1545,1345,1374,1477,90.7,53.2,59.2,60.3,194,398,443,429,123,118,66,65
158,5.3434,1429,1610,1552,1474,74.1,86.5,102.6,76.3,212,534,634,644,183,150,118,77
159,16.595,1323,1555,1522,1460,65.9,80,95.6,71.7,210,458,543,546,103,111,95,69
160,33.323,1176,1336,1354,1309,56.7,58.7,67.6,67,194,394,430,433,106,76,79,49
161,107.27,1186,1255,1284,1268,50.4,51.6,55.9,59.9,193,404,434,421,105,88,59,50
162,3133.2,1243,1246,1284,1298,50.2,50.3,50.8,52.8,197,399,425,434,118,86,72,51
163,26691,1540,1344,1381,1474,91.5,58.7,61.2,59.8,194,398,443,429,117,101,85,57
164,4.1369,1409,1568,1537,1524,83,79.8,89.8,85.7,210,536,580,614,167,143,120,85
165,19.63,1346,1519,1491,1439,67.3,77.7,84.7,84.3,213,469,513,515,93,103,82,72
166,20.718,1230,1388,1406,1296,55.3,63.5,67.7,65.4,211,415,433,424,91,84,66,45
167,82.872,1212,1332,1359,1309,58.7,54.6,60.8,54.7,204,401,427,409,97,83,66,40
168,2221,1252,1304,1322,1341,62,50.8,57.6,53.1,217,407,418,417,95,73,79,53
169,42724,1570,1354,1355,1431,82.9,64.1,63.7,67.5,207,409,437,417,87,76,89,58
170,2.6098,1406,1554,1536,1572,83.6,80.1,85.6,97.4,210,536,580,614,173,147,126,102
171,8.7404,1342,1518,1481,1471,71.7,77.4,82.1,97.3,213,469,513,515,94,93,96,77
172,21.151,1230,1398,1395,1313,53,64.1,69.7,68.4,211,415,433,424,98,87,64,51
173,100.51,1209,1346,1357,1312,56.2,55.1,64,55.4,204,401,427,409,107,74,56,47
174,2143.8,1249,1317,1313,1339,64.4,50.5,61.7,53.9,217,407,418,417,95,81,61,50
175,51896,1596,1345,1313,1402,86.1,61.1,64.3,71.6,207,409,437,417,93,78,60,47
176,7.9963,1337,1537,1482,1527,73.3,79.4,80.7,109.2,212,498,546,532,105,96,116,71
177,25.965,1209,1407,1376,1332,53.6,65,69.7,73.5,219,405,454,442,99,91,79,63
178,101.99,1194,1344,1331,1305,52.1,56.6,64.7,59.8,201,389,430,425,94,71,53,55
179,1238.5,1245,1309,1291,1311,60.2,51.4,63,57.3,214,380,416,402,101,79,56,39
180,20116,1628,1324,1278,1349,94.9,59.7,65.7,71.2,213,380,427,409,98,78,57,42
181,4.5207,1340,1582,1525,1627,68.7,87.9,83.4,120.3,212,498,546,532,102,83,67,56
182,10.648,1206,1406,1375,1387,61.4,66.3,67.8,78.6,219,405,454,442,94,98,90,74
183,50.368,1213,1326,1307,1298,54.8,58.7,61.8,73.1,201,389,430,425,98,66,68,52
184,10402,1303,1291,1276,1232,54.6,54.3,57.5,71.7,214,380,416,402,114,74,89,48
185,28119,1882,1302,1308,1189,107.1,61.7,61.9,68.5,213,380,427,409,106,71,87,44
186,1.504,1347,1596,1555,1619,69,92.2,90.4,115.3,206,503,556,546,94,35,24,32
187,4.6118,1223,1388,1393,1398,62.8,64.8,67.5,74,201,423,459,470,108,81,73,53
188,93.233,1250,1316,1323,1311,59.3,58.3,60.9,72.5,209,398,425,438,107,86,67,52
189,28163,1362,1294,1293,1216,58.6,55.1,56.4,72.3,205,381,415,420,120,78,78,45
190,199.55,1926,1336,1364,1153,108.4,62.7,58.4,68.7,203,386,432,431,116,73,64,31
191,3.7557,1223,1345,1382,1382,55.2,64.5,67.2,66.1,201,423,459,470,111,75,66,41
192,27.412,1276,1303,1338,1316,60.8,58.5,61.2,65.3,209,398,425,438,111,80,61,50
193,55.333,1408,1308,1338,1250,70.6,58,59.6,64,205,381,415,420,111,77,46,50
194,2.4669,1201,1404,1469,1488,49.5,63.7,69.8,80.8,203,465,500,477,120,122,109,93
195,4.0082,1072,1259,1273,1367,43.6,50.1,56.1,56.3,203,389,406,393,91,91,70,70
196,7.4503,1082,1183,1193,1245,52.1,43.8,50.1,45.4,199,322,331,341,97,50,37,36
197,95.129,1165,1154,1167,1117,62.6,41.8,47.6,43.3,200,324,347,364,164,107,70,56
198,4.5113,1344,1505,1489,1555,72.5,88.5,92.4,72.7,191,416,503,481,224,147,135,98
199,3.1819,1220,1365,1357,1442,59.5,64.4,74.2,85.1,205,554,603,584,186,159,143,90
200,3.7064,1178,1322,1328,1453,55.1,56.3,67.4,77.9,210,667,703,671,115,163,167,118
201,8.0365,1090,1253,1259,1401,46.7,52,55.3,56.9,215,537,566,535,88,79,59,49
202,21.332,1099,1207,1204,1255,46.1,47.5,49.5,54.9,216,359,369,380,90,49,37,37
203,375.61,1180,1195,1183,1136,51,43.2,46.4,55.6,205,372,399,416,159,104,75,51
204,2.4282,1394,1526,1488,1493,81.4,84,94.5,78.9,191,416,503,481,290,163,148,105
205,2.7265,1236,1404,1373,1424,60.6,70.8,81.1,89.3,205,554,603,584,223,162,136,101
206,6.1451,1177,1341,1335,1435,52.1,60.9,71,76.2,210,667,703,671,118,197,171,126
207,15.01,1112,1228,1253,1343,48.6,51.5,53.2,56.1,215,537,566,535,93,68,74,56
208,63.093,1134,1191,1206,1219,48.4,47.8,46.6,57.8,216,359,369,380,97,60,70,45
209,1300.6,1216,1200,1195,1142,49.6,44.3,44.1,61.3,205,372,399,416,146,106,62,53
210,4.0129,1469,1565,1531,1452,85.6,82.7,94.6,91.5,174,431,514,518,343,210,162,136
211,3.6766,1285,1475,1447,1437,66.9,79.6,88.4,91,192,622,668,654,222,188,157,123
212,10.507,1193,1397,1390,1447,52.8,69.2,78.3,76.3,210,659,709,685,121,180,130,117
213,22.835,1121,1219,1248,1289,46.8,52.3,55,58.4,210,510,555,533,96,69,59,63
214,112.94,1162,1176,1197,1179,49.4,47.6,47.1,59.5,203,387,396,393,93,69,44,36
215,5117.4,1249,1200,1198,1148,52.7,44.9,44.3,64.6,197,385,417,424,126,97,75,55
216,4.4262,1399,1597,1552,1481,77.7,91.3,101.4,86.5,192,622,668,654,202,165,155,118
217,18.351,1256,1525,1510,1513,68.7,79.1,96.1,75.5,210,659,709,685,128,147,135,109
218,34.866,1123,1260,1271,1295,46.8,54.6,67.6,67,210,510,555,533,108,80,44,44
219,164.7,1171,1191,1202,1206,45.1,48.4,54.5,63.3,203,387,396,393,80,71,50,39
220,25151,1265,1212,1222,1211,51.9,45.9,48.9,59,197,385,417,424,120,101,93,59
221,4.6293,1428,1618,1560,1475,75.1,90,104.5,79.8,189,775,829,819,242,188,163,128
222,19.896,1294,1558,1526,1497,70.1,80.1,99.3,73,208,554,629,621,166,186,188,131
223,46.323,1144,1299,1308,1312,52.1,56.1,69.1,68.2,206,439,484,483,110,111,100,62
224,271.23,1177,1218,1237,1236,45.8,50,55.7,62.6,197,421,451,434,80,76,81,64
225,70416,1252,1224,1251,1256,49.4,48.2,50.1,55.1,201,427,468,455,109,112,93,64
226,4.3799,1429,1610,1552,1474,74.1,86.5,102.6,76.3,189,775,829,819,246,193,148,105
227,17.249,1323,1555,1522,1460,65.9,80,95.6,71.7,208,554,629,621,167,198,173,138
228,48.914,1176,1336,1354,1309,56.7,58.7,67.6,67,206,439,484,483,110,99,104,68
229,311.93,1186,1255,1284,1268,50.4,51.6,55.9,59.9,197,421,451,434,75,78,66,54
230,54776,1243,1246,1284,1298,50.2,50.3,50.8,52.8,201,427,468,455,106,85,70,53
231,2.9628,1409,1568,1537,1524,83,79.8,89.8,85.7,196,708,731,734,216,165,135,97
232,16.487,1346,1519,1491,1439,67.3,77.7,84.7,84.3,211,492,550,538,120,161,129,118
233,34.817,1230,1388,1406,1296,55.3,63.5,67.7,65.4,209,437,450,451,86,86,70,59
234,198.76,1212,1332,1359,1309,58.7,54.6,60.8,54.7,205,437,464,460,69,69,46,43
235,28851,1252,1304,1322,1341,62,50.8,57.6,53.1,200,439,460,456,95,76,75,59
236,1.9161,1406,1554,1536,1572,83.6,80.1,85.6,97.4,196,708,731,734,227,172,140,110
237,6.999,1342,1518,1481,1471,71.7,77.4,82.1,97.3,211,492,550,538,93,163,147,121
238,17.996,1230,1398,1395,1313,53,64.1,69.7,68.4,209,437,450,451,81,93,70,57
239,97.492,1209,1346,1357,1312,56.2,55.1,64,55.4,205,437,464,460,84,70,59,48
240,22653,1249,1317,1313,1339,64.4,50.5,61.7,53.9,200,439,460,456,88,93,88,61
241,4.0318,1337,1537,1482,1527,73.3,79.4,80.7,109.2,211,468,534,518,85,158,144,110
242,9.6438,1209,1407,1376,1332,53.6,65,69.7,73.5,208,444,489,480,87,102,80,59
243,63.724,1194,1344,1331,1305,52.1,56.6,64.7,59.8,206,420,470,473,90,73,72,41
244,10240,1245,1309,1291,1311,60.2,51.4,63,57.3,182,388,426,443,92,88,71,43
245,2.0131,1340,1582,1525,1627,68.7,87.9,83.4,120.3,211,468,534,518,83,132,115,89
246,5.9941,1206,1406,1375,1387,61.4,66.3,67.8,78.6,208,444,489,480,90,102,86,75
247,226.79,1213,1326,1307,1298,54.8,58.7,61.8,73.1,206,420,470,473,85,77,48,46
248,14311,1303,1291,1276,1232,54.6,54.3,57.5,71.7,182,388,426,443,97,77,71,53
249,0.9547,1347,1596,1555,1619,69,92.2,90.4,115.3,197,483,555,558,83,101,101,83
250,4.0532,1223,1388,1393,1398,62.8,64.8,67.5,74,197,445,511,516,108,79,76,58
251,130.39,1250,1316,1323,1311,59.3,58.3,60.9,72.5,196,415,460,470,87,77,51,59
252,4428.5,1362,1294,1293,1216,58.6,55.1,56.4,72.3,177,377,422,457,105,73,79,45
253,5.1106,1223,1345,1382,1382,55.2,64.5,67.2,66.1,197,445,511,516,105,85,73,54
254,29.084,1276,1303,1338,1316,60.8,58.5,61.2,65.3,196,415,460,470,85,73,84,59
255,24.597,1408,1308,1338,1250,70.6,58,59.6,64,177,377,422,457,104,85,75,40
256,4.1767,1468,1688,1685,1777,76.4,103.9,109.8,73.1,166,324,382,395,193,142,146,97
257,4.7222,1409,1596,1622,1771,67.8,90.1,90.9,69.8,164,353,419,433,209,135,125,94
258,2.1771,1287,1457,1528,1550,59.1,68.9,73.4,77.5,175,422,463,482,209,166,152,103
259,2.5705,1201,1404,1469,1488,49.5,63.7,69.8,80.8,202,480,532,521,164,127,120,98
260,7.0145,1072,1259,1273,1367,43.6,50.1,56.1,56.3,199,413,445,424,198,160,128,100
261,162.48,1082,1183,1193,1245,52.1,43.8,50.1,45.4,191,372,389,374,122,103,74,44
262,4.3546,1429,1565,1552,1589,77.1,96.9,97.2,69.3,166,265,317,328,199,172,144,128
263,7.034,1344,1505,1489,1555,72.5,88.5,92.4,72.7,157,310,400,417,253,152,139,103
264,3.3217,1220,1365,1357,1442,59.5,64.4,74.2,85.1,176,290,367,386,251,195,164,126
265,4.071,1178,1322,1328,1453,55.1,56.3,67.4,77.9,209,480,544,533,157,201,215,154
266,16.984,1090,1253,1259,1401,46.7,52,55.3,56.9,198,550,581,549,197,139,127,103
267,356.95,1099,1207,1204,1255,46.1,47.5,49.5,54.9,195,462,472,457,127,100,70,56
268,22807,1180,1195,1183,1136,51,43.2,46.4,55.6,195,399,445,443,146,221,168,109
269,3.0292,1474,1558,1526,1518,79.1,84.4,92.8,74.1,166,265,317,328,213,179,147,125
270,45.195,1394,1526,1488,1493,81.4,84,94.5,78.9,157,310,400,417,318,182,151,122
271,80.806,1236,1404,1373,1424,60.6,70.8,81.1,89.3,176,290,367,386,312,234,188,151
272,8.2196,1177,1341,1335,1435,52.1,60.9,71,76.2,209,480,544,533,168,261,235,176
273,46.398,1112,1228,1253,1343,48.6,51.5,53.2,56.1,198,550,581,549,185,124,118,101
274,1456.1,1134,1191,1206,1219,48.4,47.8,46.6,57.8,195,462,472,457,116,83,77,50
275,47989,1216,1200,1195,1142,49.6,44.3,44.1,61.3,195,399,445,443,137,185,159,103
276,2.7487,1520,1574,1546,1479,81.5,79.5,91.6,87.8,168,283,354,348,223,143,142,104
277,12.324,1469,1565,1531,1452,85.6,82.7,94.6,91.5,161,336,436,438,365,231,178,146
278,9.7654,1285,1475,1447,1437,66.9,79.6,88.4,91,173,368,443,449,361,285,245,192
279,16.436,1193,1397,1390,1447,52.8,69.2,78.3,76.3,190,559,626,604,190,267,210,179
280,73.467,1121,1219,1248,1289,46.8,52.3,55,58.4,189,535,588,558,184,141,126,111
281,2093,1162,1176,1197,1179,49.4,47.6,47.1,59.5,187,450,478,466,100,82,40,22
282,77940,1249,1200,1198,1148,52.7,44.9,44.3,64.6,186,418,459,475,117,159,144,78
283,1.8367,1553,1610,1581,1420,88.2,93.1,95.9,112.1,161,336,436,438,326,249,196,153
284,5.2201,1399,1597,1552,1481,77.7,91.3,101.4,86.5,173,368,443,449,304,282,249,198
285,20.228,1256,1525,1510,1513,68.7,79.1,96.1,75.5,190,559,626,604,172,224,212,173
286,81.667,1123,1260,1271,1295,46.8,54.6,67.6,67,189,535,588,558,170,120,94,93
287,1966.8,1171,1191,1202,1206,45.1,48.4,54.5,63.3,187,450,478,466,93,78,38,22
288,1.491e+05,1265,1212,1222,1211,51.9,45.9,48.9,59,186,418,459,475,119,119,92,63
289,4.1082,1428,1618,1560,1475,75.1,90,104.5,79.8,179,680,720,713,211,212,175,149
290,17.48,1294,1558,1526,1497,70.1,80.1,99.3,73,181,728,774,752,169,189,201,157
291,93.409,1144,1299,1308,1312,52.1,56.1,69.1,68.2,192,497,548,537,160,112,101,93
292,2335.6,1177,1218,1237,1236,45.8,50,55.7,62.6,193,444,480,487,99,73,73,54
293,2.2584e+05,1252,1224,1251,1256,49.4,48.2,50.1,55.1,185,441,496,514,119,99,82,49
294,3.7954,1429,1610,1552,1474,74.1,86.5,102.6,76.3,179,680,720,713,218,153,132,108
295,17.362,1323,1555,1522,1460,65.9,80,95.6,71.7,181,728,774,752,163,185,163,148
296,118.57,1176,1336,1354,1309,56.7,58.7,67.6,67,192,497,548,537,169,108,92,89
297,2892.4,1186,1255,1284,1268,50.4,51.6,55.9,59.9,193,444,480,487,82,74,66,54
298,2.0484e+05,1243,1246,1284,1298,50.2,50.3,50.8,52.8,185,441,496,514,120,108,107,51
299,2.601,1409,1568,1537,1524,83,79.8,89.8,85.7,187,767,764,759,223,157,137,107
300,22.178,1346,1519,1491,1439,67.3,77.7,84.7,84.3,190,705,709,705,133,162,135,126
301,113.53,1230,1388,1406,1296,55.3,63.5,67.7,65.4,189,505,502,518,159,95,77,60
302,3231.6,1212,1332,1359,1309,58.7,54.6,60.8,54.7,194,484,485,512,76,77,49,36
303,2.2387e+05,1252,1304,1322,1341,62,50.8,57.6,53.1,185,445,498,516,111,125,88,62
304,1.4857,1406,1554,1536,1572,83.6,80.1,85.6,97.4,187,767,764,759,236,159,128,101
305,8.91,1342,1518,1481,1471,71.7,77.4,82.1,97.3,190,705,709,705,101,156,159,122
306,48.837,1230,1398,1395,1313,53,64.1,69.7,68.4,189,505,502,518,151,92,81,54
307,2053.4,1209,1346,1357,1312,56.2,55.1,64,55.4,194,484,485,512,90,75,51,41
308,3.4286e+05,1249,1317,1313,1339,64.4,50.5,61.7,53.9,185,445,498,516,86,131,83,72
309,0.7432,1411,1558,1537,1635,77.9,84,83.4,110.4,198,591,648,638,241,174,134,106
310,3.4575,1337,1537,1482,1527,73.3,79.4,80.7,109.2,203,573,615,609,66,147,143,116
311,14.298,1209,1407,1376,1332,53.6,65,69.7,73.5,187,490,523,535,156,74,59,41
312,359.93,1194,1344,1331,1305,52.1,56.6,64.7,59.8,190,484,525,535,100,78,72,41
313,1.0656e+05,1245,1309,1291,1311,60.2,51.4,63,57.3,168,413,493,506,96,134,118,88
314,1.3011,1340,1582,1525,1627,68.7,87.9,83.4,120.3,203,573,615,609,57,116,98,87
315,5.2278,1206,1406,1375,1387,61.4,66.3,67.8,78.6,187,490,523,535,173,76,55,27
316,10243,1213,1326,1307,1298,54.8,58.7,61.8,73.1,190,484,525,535,101,92,68,43
317,2770.2,1303,1291,1276,1232,54.6,54.3,57.5,71.7,168,413,493,506,132,125,123,93
318,2.692,1223,1388,1393,1398,62.8,64.8,67.5,74,195,471,547,557,152,85,56,30
319,22.202,1250,1316,1323,1311,59.3,58.3,60.9,72.5,187,458,546,551,78,85,56,70
320,30.635,1362,1294,1293,1216,58.6,55.1,56.4,72.3,149,406,499,511,130,97,93,88
321,25.256,1468,1688,1685,1777,76.4,103.9,109.8,73.1,176,268,285,301,213,165,150,118
322,2.4637,1409,1596,1622,1771,67.8,90.1,90.9,69.8,178,323,390,384,228,174,157,131
323,2.2121,1287,1457,1528,1550,59.1,68.9,73.4,77.5,178,406,475,459,243,200,183,120
324,3.8577,1201,1404,1469,1488,49.5,63.7,69.8,80.8,179,498,560,550,254,215,194,137
325,24.093,1072,1259,1273,1367,43.6,50.1,56.1,56.3,191,418,509,515,249,221,189,155
326,83608,1082,1183,1193,1245,52.1,43.8,50.1,45.4,180,352,413,410,105,150,138,141
327,16.016,1429,1565,1552,1589,77.1,96.9,97.2,69.3,171,255,351,370,187,180,145,141
328,19.811,1344,1505,1489,1555,72.5,88.5,92.4,72.7,170,303,438,459,232,159,129,120
329,4.3214,1220,1365,1357,1442,59.5,64.4,74.2,85.1,178,367,477,490,260,192,140,122
330,7.2228,1178,1322,1328,1453,55.1,56.3,67.4,77.9,187,489,559,568,258,241,200,157
331,99.331,1090,1253,1259,1401,46.7,52,55.3,56.9,193,491,595,598,272,200,169,142
332,28820,1099,1207,1204,1255,46.1,47.5,49.5,54.9,187,433,498,507,133,204,208,155
333,3.0098,1474,1558,1526,1518,79.1,84.4,92.8,74.1,171,255,351,370,184,177,152,134
334,160.1,1394,1526,1488,1493,81.4,84,94.5,78.9,170,303,438,459,222,150,121,111
335,466.67,1236,1404,1373,1424,60.6,70.8,81.1,89.3,178,367,477,490,282,198,142,127
336,18.226,1177,1341,1335,1435,52.1,60.9,71,76.2,187,489,559,568,274,264,202,169
337,473.03,1112,1228,1253,1343,48.6,51.5,53.2,56.1,193,491,595,598,284,207,177,145
338,76873,1134,1191,1206,1219,48.4,47.8,46.6,57.8,187,433,498,507,153,245,222,166
339,3.1657,1520,1574,1546,1479,81.5,79.5,91.6,87.8,168,357,515,504,172,135,147,106
340,6.5851,1469,1565,1531,1452,85.6,82.7,94.6,91.5,161,390,526,535,185,130,124,93
341,96.471,1285,1475,1447,1437,66.9,79.6,88.4,91,159,430,529,542,308,200,204,144
342,41.364,1193,1397,1390,1447,52.8,69.2,78.3,76.3,161,472,582,590,305,280,256,174
343,708.4,1121,1219,1248,1289,46.8,52.3,55,58.4,174,515,637,628,300,249,223,175
344,52535,1162,1176,1197,1179,49.4,47.6,47.1,59.5,180,439,537,541,166,278,215,181
345,3.0507,1553,1610,1581,1420,88.2,93.1,95.9,112.1,161,390,526,535,204,142,116,94
346,7.9662,1399,1597,1552,1481,77.7,91.3,101.4,86.5,159,430,529,542,273,222,214,157
347,41.919,1256,1525,1510,1513,68.7,79.1,96.1,75.5,161,472,582,590,337,270,246,179
348,583.83,1123,1260,1271,1295,46.8,54.6,67.6,67,174,515,637,628,308,240,192,165
349,31807,1171,1191,1202,1206,45.1,48.4,54.5,63.3,180,439,537,541,184,310,266,203
350,4.3296,1525,1595,1533,1533,99.4,92.8,85.9,109.2,150,234,274,279,200,157,157,115
351,26.892,1528,1624,1570,1483,105.7,89.6,90.6,109.6,174,287,356,345,199,169,134,112
352,2.8028,1534,1625,1572,1436,96.3,91.3,97.2,102.9,165,398,477,467,212,185,139,105
353,5.6727,1428,1618,1560,1475,75.1,90,104.5,79.8,147,532,622,621,223,207,147,131
354,26.843,1294,1558,1526,1497,70.1,80.1,99.3,73,152,593,723,722,392,226,171,137
355,569.46,1144,1299,1308,1312,52.1,56.1,69.1,68.2,172,578,708,687,329,243,187,151
356,43083,1177,1218,1237,1236,45.8,50,55.7,62.6,181,461,580,579,216,316,290,218
357,1.0728e+06,1252,1224,1251,1256,49.4,48.2,50.1,55.1,166,422,532,541,143,163,153,124
358,1.9876,1542,1629,1547,1570,99.5,90.9,94.2,108,150,234,274,279,206,193,188,154
359,3.7386,1515,1642,1562,1514,107.4,84.7,97.5,101.2,174,287,356,345,193,168,143,127
360,2.0838,1506,1636,1566,1473,104.8,83.7,100.3,93.2,165,398,477,467,191,159,126,105
361,5.6815,1429,1610,1552,1474,74.1,86.5,102.6,76.3,147,532,622,621,250,140,119,90
362,24.585,1323,1555,1522,1460,65.9,80,95.6,71.7,152,593,723,722,396,228,185,128
363,751.7,1176,1336,1354,1309,56.7,58.7,67.6,67,172,578,708,687,351,231,189,148
364,69810,1186,1255,1284,1268,50.4,51.6,55.9,59.9,181,461,580,579,201,270,246,197
365,2.4762e+06,1243,1246,1284,1298,50.2,50.3,50.8,52.8,166,422,532,541,152,157,140,100
366,0.88804,1631,1877,1827,1834,113.7,102.7,137.1,151,117,53,40,53,189,181,163,151
367,0.67714,1566,1770,1759,1762,96.6,92.4,128.1,125,156,147,131,137,190,157,142,133
368,0.91563,1507,1656,1622,1599,94.1,85.1,109.7,99.5,149,325,397,412,195,149,141,110
369,3.6842,1409,1568,1537,1524,83,79.8,89.8,85.7,141,474,596,617,266,148,143,101
370,28.823,1346,1519,1491,1439,67.3,77.7,84.7,84.3,160,609,715,732,391,235,189,132
371,829.29,1230,1388,1406,1296,55.3,63.5,67.7,65.4,172,572,660,666,327,227,179,138
372,91802,1212,1332,1359,1309,58.7,54.6,60.8,54.7,173,496,559,582,157,256,228,187
373,3.2759e+06,1252,1304,1322,1341,62,50.8,57.6,53.1,154,420,506,517,132,156,140,103
374,1.8834,1406,1554,1536,1572,83.6,80.1,85.6,97.4,141,474,596,617,310,165,119,102
375,17.338,1342,1518,1481,1471,71.7,77.4,82.1,97.3,160,609,715,732,431,267,205,157
376,291.71,1230,1398,1395,1313,53,64.1,69.7,68.4,172,572,660,666,322,242,193,147
377,1.156e+05,1209,1346,1357,1312,56.2,55.1,64,55.4,173,496,559,582,143,254,238,182
378,1.8676e+06,1249,1317,1313,1339,64.4,50.5,61.7,53.9,154,420,506,517,118,158,130,102
379,0.76717,1411,1558,1537,1635,77.9,84,83.4,110.4,140,365,580,619,353,198,137,110
380,5.1705,1337,1537,1482,1527,73.3,79.4,80.7,109.2,174,515,665,677,377,302,262,210
381,43.411,1209,1407,1376,1332,53.6,65,69.7,73.5,179,500,603,618,299,212,179,133
382,5.1533e+15,1194,1344,1331,1305,52.1,56.6,64.7,59.8,161,471,552,569,134,231,219,173
383,3.0207e+05,1245,1309,1291,1311,60.2,51.4,63,57.3,133,393,509,516,142,151,132,116
384,0.29494,1436,1609,1550,1733,75.9,97.6,88.9,141.8,140,365,580,619,340,257,213,163
385,1.5255,1340,1582,1525,1627,68.7,87.9,83.4,120.3,174,515,665,677,316,295,256,212
386,7.191,1206,1406,1375,1387,61.4,66.3,67.8,78.6,179,500,603,618,269,208,160,109
387,52.523,1213,1326,1307,1298,54.8,58.7,61.8,73.1,161,471,552,569,124,220,194,179
388,198.19,1303,1291,1276,1232,54.6,54.3,57.5,71.7,133,393,509,516,181,139,142,126
389,0.69345,1347,1596,1555,1619,69,92.2,90.4,115.3,186,530,683,693,337,279,232,190
390,2.3186,1223,1388,1393,1398,62.8,64.8,67.5,74,192,491,591,605,234,217,176,114
391,5.0129,1250,1316,1323,1311,59.3,58.3,60.9,72.5,151,441,560,576,129,174,174,165
392,3.2728,1362,1294,1293,1216,58.6,55.1,56.4,72.3,113,360,482,491,194,117,124,105
393,57.296,1468,1688,1685,1777,76.4,103.9,109.8,73.1,167,266,313,321,210,186,144,122
394,1.8311,1409,1596,1622,1771,67.8,90.1,90.9,69.8,182,297,369,357,207,190,162,153
395,3.1814,1287,1457,1528,1550,59.1,68.9,73.4,77.5,197,418,498,468,165,184,143,130
396,164.82,1429,1565,1552,1589,77.1,96.9,97.2,69.3,157,334,442,455,211,183,171,130
397,50.417,1344,1505,1489,1555,72.5,88.5,92.4,72.7,185,303,437,445,231,172,154,133
398,6.5605,1220,1365,1357,1442,59.5,64.4,74.2,85.1,197,430,526,526,190,200,169,138
399,24.638,1178,1322,1328,1453,55.1,56.3,67.4,77.9,194,557,618,603,175,213,185,150
400,1526,1090,1253,1259,1401,46.7,52,55.3,56.9,195,562,621,625,115,102,86,90
401,3.1004,1474,1558,1526,1518,79.1,84.4,92.8,74.1,157,334,442,455,218,183,166,148
402,193,1394,1526,1488,1493,81.4,84,94.5,78.9,185,303,437,445,217,155,141,118
403,153.4,1236,1404,1373,1424,60.6,70.8,81.1,89.3,197,430,526,526,193,187,164,124
404,85.534,1177,1341,1335,1435,52.1,60.9,71,76.2,194,557,618,603,200,217,172,151
405,11934,1112,1228,1253,1343,48.6,51.5,53.2,56.1,195,562,621,625,129,107,95,101
406,2.9724,1520,1574,1546,1479,81.5,79.5,91.6,87.8,158,393,543,549,222,188,153,134
407,4.9705,1469,1565,1531,1452,85.6,82.7,94.6,91.5,174,368,537,543,173,151,126,107
408,65.501,1285,1475,1447,1437,66.9,79.6,88.4,91,171,490,585,591,202,150,120,119
409,199.69,1193,1397,1390,1447,52.8,69.2,78.3,76.3,175,542,632,631,225,205,175,138
410,14621,1121,1219,1248,1289,46.8,52.3,55,58.4,177,494,602,623,138,128,128,106
411,5.098,1553,1610,1581,1420,88.2,93.1,95.9,112.1,174,368,537,543,187,143,110,103
412,15.74,1399,1597,1552,1481,77.7,91.3,101.4,86.5,171,490,585,591,189,147,139,122
413,175.59,1256,1525,1510,1513,68.7,79.1,96.1,75.5,175,542,632,631,266,210,191,143
414,14254,1123,1260,1271,1295,46.8,54.6,67.6,67,177,494,602,623,131,165,154,116
415,8.3235e+05,1171,1191,1202,1206,45.1,48.4,54.5,63.3,163,359,478,523,108,232,206,160
416,12.242,1525,1595,1533,1533,99.4,92.8,85.9,109.2,145,307,382,395,234,175,181,131
417,41562,1528,1624,1570,1483,105.7,89.6,90.6,109.6,171,285,366,396,247,206,190,153
418,4.8846,1534,1625,1572,1436,96.3,91.3,97.2,102.9,173,357,470,476,215,197,176,123
419,11.372,1428,1618,1560,1475,75.1,90,104.5,79.8,156,523,633,628,180,188,178,136
420,85.064,1294,1558,1526,1497,70.1,80.1,99.3,73,163,517,653,658,324,220,181,138
421,17568,1144,1299,1308,1312,52.1,56.1,69.1,68.2,174,408,585,610,139,248,202,174
422,2.2736e+06,1177,1218,1237,1236,45.8,50,55.7,62.6,148,351,522,557,114,261,240,201
423,1.9118e+07,1252,1224,1251,1256,49.4,48.2,50.1,55.1,131,354,457,466,120,171,173,151
424,2.0693,1542,1629,1547,1570,99.5,90.9,94.2,108,145,307,382,395,246,180,156,121
425,2309.4,1515,1642,1562,1514,107.4,84.7,97.5,101.2,171,285,366,396,262,212,191,143
426,726.68,1506,1636,1566,1473,104.8,83.7,100.3,93.2,173,357,470,476,185,201,167,128
427,10.306,1429,1610,1552,1474,74.1,86.5,102.6,76.3,156,523,633,628,192,158,138,108
428,77,1323,1555,1522,1460,65.9,80,95.6,71.7,163,517,653,658,321,230,182,136
429,18629,1176,1336,1354,1309,56.7,58.7,67.6,67,174,408,585,610,160,254,211,190
430,4.4972e+06,1186,1255,1284,1268,50.4,51.6,55.9,59.9,148,351,522,557,101,235,219,184
431,1.2131e+08,1243,1246,1284,1298,50.2,50.3,50.8,52.8,131,354,457,466,121,152,132,120
432,0.8893,1631,1877,1827,1834,113.7,102.7,137.1,151,144,138,149,172,198,148,128,113
433,0.91455,1566,1770,1759,1762,96.6,92.4,128.1,125,169,189,183,223,209,166,136,119
434,1.8596,1507,1656,1622,1599,94.1,85.1,109.7,99.5,159,333,382,401,166,173,145,128
435,7.9029,1409,1568,1537,1524,83,79.8,89.8,85.7,151,395,522,546,166,141,126,109
436,110.4,1346,1519,1491,1439,67.3,77.7,84.7,84.3,156,427,558,583,302,215,183,133
437,12865,1230,1388,1406,1296,55.3,63.5,67.7,65.4,177,364,548,571,157,221,223,171
438,2.7362e+06,1212,1332,1359,1309,58.7,54.6,60.8,54.7,148,358,520,542,101,212,204,161
439,8.8416e+07,1252,1304,1322,1341,62,50.8,57.6,53.1,125,357,454,448,141,128,118,90
440,0.39313,1599,1871,1890,1875,96.5,110.6,139.1,151.1,169,189,183,223,198,175,169,143
441,0.86838,1525,1669,1668,1760,86,95.7,112.7,114.9,159,333,382,401,181,182,178,149
442,4.2019,1406,1554,1536,1572,83.6,80.1,85.6,97.4,151,395,522,546,206,145,139,122
443,69.62,1342,1518,1481,1471,71.7,77.4,82.1,97.3,156,427,558,583,333,248,207,163
444,3160.2,1230,1398,1395,1313,53,64.1,69.7,68.4,177,364,548,571,126,232,215,179
445,8.3946e+15,1209,1346,1357,1312,56.2,55.1,64,55.4,148,358,520,542,94,206,205,154
446,1.5171e+07,1249,1317,1313,1339,64.4,50.5,61.7,53.9,125,357,454,448,163,134,133,92
447,0.5346,1530,1726,1746,1816,85.4,105.2,108.8,131.2,133,387,486,505,238,148,144,129
448,1.5581,1411,1558,1537,1635,77.9,84,83.4,110.4,155,261,445,494,284,198,164,134
449,12.982,1337,1537,1482,1527,73.3,79.4,80.7,109.2,164,328,494,526,298,295,255,224
450,198.19,1209,1407,1376,1332,53.6,65,69.7,73.5,169,322,519,546,103,207,172,152
451,8014.7,1194,1344,1331,1305,52.1,56.6,64.7,59.8,144,353,492,495,103,188,188,144
452,7.453e+05,1245,1309,1291,1311,60.2,51.4,63,57.3,121,331,425,425,191,126,131,100
453,0.67225,1436,1609,1550,1733,75.9,97.6,88.9,141.8,155,261,445,494,297,268,214,181
454,3.0087,1340,1582,1525,1627,68.7,87.9,83.4,120.3,164,328,494,526,240,289,253,220
455,12.518,1206,1406,1375,1387,61.4,66.3,67.8,78.6,169,322,519,546,117,182,154,113
456,31.604,1213,1326,1307,1298,54.8,58.7,61.8,73.1,144,353,492,495,132,153,145,141
457,30.553,1303,1291,1276,1232,54.6,54.3,57.5,71.7,121,331,425,425,226,99,103,103
458,1.6136,1347,1596,1555,1619,69,92.2,90.4,115.3,178,365,556,595,243,297,245,200
459,3.1118,1223,1388,1393,1398,62.8,64.8,67.5,74,159,345,523,560,115,182,163,124
460,2.2676,1250,1316,1323,1311,59.3,58.3,60.9,72.5,124,359,452,465,162,111,110,124
461,0.53356,1362,1294,1293,1216,58.6,55.1,56.4,72.3,108,259,301,312,253,103,91,93
462,4.6992,1468,1688,1685,1777,76.4,103.9,109.8,73.1,183,368,440,421,203,149,102,86
463,1.2765,1409,1596,1622,1771,67.8,90.1,90.9,69.8,185,417,493,474,205,141,128,118
464,3.3729,1287,1457,1528,1550,59.1,68.9,73.4,77.5,199,422,489,484,166,153,123,117
465,645.76,1429,1565,1552,1589,77.1,96.9,97.2,69.3,185,378,490,488,194,157,138,116
466,9.0315,1344,1505,1489,1555,72.5,88.5,92.4,72.7,190,398,522,518,201,159,153,141
467,8.3563,1220,1365,1357,1442,59.5,64.4,74.2,85.1,201,405,513,521,172,178,166,136
468,138.36,1178,1322,1328,1453,55.1,56.3,67.4,77.9,194,540,611,604,133,147,143,126
469,1.5347,1474,1558,1526,1518,79.1,84.4,92.8,74.1,185,378,490,488,206,174,150,138
470,13.331,1394,1526,1488,1493,81.4,84,94.5,78.9,190,398,522,518,207,182,159,140
471,21.67,1236,1404,1373,1424,60.6,70.8,81.1,89.3,201,405,513,521,181,196,175,131
472,700.06,1177,1341,1335,1435,52.1,60.9,71,76.2,194,540,611,604,134,152,150,119
473,1.8715,1520,1574,1546,1479,81.5,79.5,91.6,87.8,175,382,534,532,218,186,149,136
474,4.7618,1469,1565,1531,1452,85.6,82.7,94.6,91.5,182,396,534,529,194,189,152,128
475,34.963,1285,1475,1447,1437,66.9,79.6,88.4,91,183,462,575,572,195,181,147,140
476,1501.7,1193,1397,1390,1447,52.8,69.2,78.3,76.3,183,558,631,623,123,159,161,135
477,5.7715,1553,1610,1581,1420,88.2,93.1,95.9,112.1,182,396,534,529,199,187,152,125
478,32.177,1399,1597,1552,1481,77.7,91.3,101.4,86.5,183,462,575,572,179,179,162,140
479,1440.3,1256,1525,1510,1513,68.7,79.1,96.1,75.5,183,558,631,623,123,156,142,133
480,2.5862e+05,1123,1260,1271,1295,46.8,54.6,67.6,67,180,480,574,560,76,109,121,85
481,1.8345e+07,1171,1191,1202,1206,45.1,48.4,54.5,63.3,144,348,467,458,109,106,110,76
482,2.015,1525,1595,1533,1533,99.4,92.8,85.9,109.2,158,384,503,495,207,178,158,136
483,69196,1528,1624,1570,1483,105.7,89.6,90.6,109.6,171,353,481,475,224,197,173,149
484,6.0402,1534,1625,1572,1436,96.3,91.3,97.2,102.9,187,416,532,529,206,207,171,140
485,29.411,1428,1618,1560,1475,75.1,90,104.5,79.8,178,544,628,614,156,191,178,145
486,968.97,1294,1558,1526,1497,70.1,80.1,99.3,73,182,563,643,646,139,145,142,110
487,6.651e+05,1144,1299,1308,1312,52.1,56.1,69.1,68.2,178,448,567,564,82,137,124,105
488,2.0587e+08,1177,1218,1237,1236,45.8,50,55.7,62.6,133,331,480,491,117,99,84,83
489,3.4012e+07,1252,1224,1251,1256,49.4,48.2,50.1,55.1,119,337,435,459,292,128,98,102
490,1.0231,1542,1629,1547,1570,99.5,90.9,94.2,108,158,384,503,495,238,199,193,156
491,12342,1515,1642,1562,1514,107.4,84.7,97.5,101.2,171,353,481,475,247,208,202,163
492,7217.4,1506,1636,1566,1473,104.8,83.7,100.3,93.2,187,416,532,529,197,197,181,153
493,30.835,1429,1610,1552,1474,74.1,86.5,102.6,76.3,178,544,628,614,170,152,144,121
494,1129.3,1323,1555,1522,1460,65.9,80,95.6,71.7,182,563,643,646,138,142,128,97
495,6.0529e+05,1176,1336,1354,1309,56.7,58.7,67.6,67,178,448,567,564,101,148,126,124
496,8.1185e+08,1186,1255,1284,1268,50.4,51.6,55.9,59.9,133,331,480,491,118,124,107,103
497,1.6106e+08,1243,1246,1284,1298,50.2,50.3,50.8,52.8,119,337,435,459,307,133,107,91
498,0.52528,1631,1877,1827,1834,113.7,102.7,137.1,151,169,242,292,297,201,175,163,134
499,2.7022,1566,1770,1759,1762,96.6,92.4,128.1,125,170,314,377,389,200,175,159,130
500,14.639,1507,1656,1622,1599,94.1,85.1,109.7,99.5,184,473,530,544,176,156,161,127
501,31.792,1409,1568,1537,1524,83,79.8,89.8,85.7,179,496,570,585,146,120,118,102
502,1937.6,1346,1519,1491,1439,67.3,77.7,84.7,84.3,174,521,600,612,125,114,93,81
503,1.325e+05,1230,1388,1406,1296,55.3,63.5,67.7,65.4,159,461,583,588,105,136,144,116
504,1.5913e+08,1212,1332,1359,1309,58.7,54.6,60.8,54.7,114,348,506,516,130,127,136,106
505,1.2603e+06,1252,1304,1322,1341,62,50.8,57.6,53.1,117,349,473,492,300,115,105,82
506,0.4313,1599,1871,1890,1875,96.5,110.6,139.1,151.1,170,314,377,389,178,150,131,108
507,1.7338,1525,1669,1668,1760,86,95.7,112.7,114.9,184,473,530,544,164,142,139,116
508,16.595,1406,1554,1536,1572,83.6,80.1,85.6,97.4,179,496,570,585,155,113,123,101
509,1149,1342,1518,1481,1471,71.7,77.4,82.1,97.3,174,521,600,612,115,105,107,93
510,19091,1230,1398,1395,1313,53,64.1,69.7,68.4,159,461,583,588,90,130,127,112
511,1.7712e+06,1209,1346,1357,1312,56.2,55.1,64,55.4,114,348,506,516,142,116,105,92
512,5524.9,1249,1317,1313,1339,64.4,50.5,61.7,53.9,117,349,473,492,326,118,82,78
513,1.1258,1530,1726,1746,1816,85.4,105.2,108.8,131.2,174,528,602,614,180,129,121,102
514,4.8141,1411,1558,1537,1635,77.9,84,83.4,110.4,170,387,537,568,193,164,152,120
515,44,1337,1537,1482,1527,73.3,79.4,80.7,109.2,164,445,579,570,78,130,148,132
516,425.03,1209,1407,1376,1332,53.6,65,69.7,73.5,136,441,591,582,70,122,94,97
517,1322.5,1194,1344,1331,1305,52.1,56.6,64.7,59.8,106,351,472,459,147,122,81,80
518,311.43,1245,1309,1291,1311,60.2,51.4,63,57.3,115,338,410,399,347,135,93,83
519,2.8843,1436,1609,1550,1733,75.9,97.6,88.9,141.8,170,387,537,568,191,236,202,174
520,6.8148,1340,1582,1525,1627,68.7,87.9,83.4,120.3,164,445,579,570,68,131,140,142
521,11.159,1206,1406,1375,1387,61.4,66.3,67.8,78.6,136,441,591,582,119,122,108,83
522,12.424,1213,1326,1307,1298,54.8,58.7,61.8,73.1,106,351,472,459,205,123,110,80
523,6.1654,1303,1291,1276,1232,54.6,54.3,57.5,71.7,115,338,410,399,327,175,148,96
524,3.6234,1347,1596,1555,1619,69,92.2,90.4,115.3,160,449,596,588,101,136,124,117
525,2.8462,1223,1388,1393,1398,62.8,64.8,67.5,74,122,408,521,517,167,126,116,86
526,0.99308,1250,1316,1323,1311,59.3,58.3,60.9,72.5,118,302,313,305,255,109,98,78
527,0.094433,1362,1294,1293,1216,58.6,55.1,56.4,72.3,114,252,220,208,310,224,184,129
528,0.51708,1429,1565,1552,1589,77.1,96.9,97.2,69.3,187,575,673,662,230,192,154,133
529,0.96832,1344,1505,1489,1555,72.5,88.5,92.4,72.7,194,476,604,602,193,189,165,154
530,4.8196,1220,1365,1357,1442,59.5,64.4,74.2,85.1,193,517,606,599,120,186,144,133
531,607.57,1178,1322,1328,1453,55.1,56.3,67.4,77.9,169,504,579,592,126,147,127,120
532,0.61592,1474,1558,1526,1518,79.1,84.4,92.8,74.1,187,575,673,662,236,179,153,128
533,1.7984,1394,1526,1488,1493,81.4,84,94.5,78.9,194,476,604,602,201,187,175,149
534,15.32,1236,1404,1373,1424,60.6,70.8,81.1,89.3,193,517,606,599,136,175,177,141
535,4258.7,1177,1341,1335,1435,52.1,60.9,71,76.2,169,504,579,592,124,138,161,111
536,0.82138,1520,1574,1546,1479,81.5,79.5,91.6,87.8,183,527,642,643,232,181,168,120
537,2.8526,1469,1565,1531,1452,85.6,82.7,94.6,91.5,178,468,597,596,192,187,176,128
538,27.293,1285,1475,1447,1437,66.9,79.6,88.4,91,183,543,652,635,136,166,167,126
539,7908.3,1193,1397,1390,1447,52.8,69.2,78.3,76.3,155,556,613,614,104,134,143,112
540,3.7478,1553,1610,1581,1420,88.2,93.1,95.9,112.1,178,468,597,596,195,187,157,135
541,44.618,1399,1597,1552,1481,77.7,91.3,101.4,86.5,183,543,652,635,125,170,159,137
542,11649,1256,1525,1510,1513,68.7,79.1,96.1,75.5,155,556,613,614,108,131,114,116
543,1.0368,1525,1595,1533,1533,99.4,92.8,85.9,109.2,173,478,575,576,243,173,140,130
544,2.9612,1528,1624,1570,1483,105.7,89.6,90.6,109.6,184,515,618,619,228,200,155,132
545,4.326,1534,1625,1572,1436,96.3,91.3,97.2,102.9,186,511,618,606,199,210,172,148
546,85.583,1428,1618,1560,1475,75.1,90,104.5,79.8,182,615,705,666,126,197,170,152
547,15204,1294,1558,1526,1497,70.1,80.1,99.3,73,155,592,655,643,119,141,134,111
548,1.1822e+06,1144,1299,1308,1312,52.1,56.1,69.1,68.2,140,425,541,534,125,115,127,104
549,3.6517e+07,1177,1218,1237,1236,45.8,50,55.7,62.6,123,352,483,484,293,117,120,101
550,0.39605,1542,1629,1547,1570,99.5,90.9,94.2,108,173,478,575,576,224,164,142,123
551,781.04,1515,1642,1562,1514,107.4,84.7,97.5,101.2,184,515,618,619,226,189,172,128
552,3011.1,1506,1636,1566,1473,104.8,83.7,100.3,93.2,186,511,618,606,189,195,177,144
553,128.41,1429,1610,1552,1474,74.1,86.5,102.6,76.3,182,615,705,666,118,193,169,146
554,15760,1323,1555,1522,1460,65.9,80,95.6,71.7,155,592,655,643,108,156,138,97
555,1.5733e+06,1176,1336,1354,1309,56.7,58.7,67.6,67,140,425,541,534,131,124,121,94
556,25152,1186,1255,1284,1268,50.4,51.6,55.9,59.9,123,352,483,484,285,116,106,96
557,1.1054e+14,1243,1246,1284,1298,50.2,50.3,50.8,52.8,115,299,398,414,339,164,143,115
558,0.37256,1631,1877,1827,1834,113.7,102.7,137.1,151,187,416,462,468,212,165,162,133
559,1.1133,1566,1770,1759,1762,96.6,92.4,128.1,125,185,530,585,586,205,163,150,118
560,41.008,1507,1656,1622,1599,94.1,85.1,109.7,99.5,189,584,623,616,183,162,158,129
561,143.1,1409,1568,1537,1524,83,79.8,89.8,85.7,179,624,669,651,111,175,155,133
562,16040,1346,1519,1491,1439,67.3,77.7,84.7,84.3,155,551,625,627,102,140,104,90
563,1.1206e+05,1230,1388,1406,1296,55.3,63.5,67.7,65.4,137,431,555,562,125,120,87,85
564,5528.7,1212,1332,1359,1309,58.7,54.6,60.8,54.7,112,354,485,491,270,111,84,89
565,2.4844e+07,1252,1304,1322,1341,62,50.8,57.6,53.1,109,288,375,391,317,147,122,109
566,0.23539,1599,1871,1890,1875,96.5,110.6,139.1,151.1,185,530,585,586,189,169,130,115
567,2.4408,1525,1669,1668,1760,86,95.7,112.7,114.9,189,584,623,616,179,157,135,123
568,66.122,1406,1554,1536,1572,83.6,80.1,85.6,97.4,179,624,669,651,117,159,137,125
569,17903,1342,1518,1481,1471,71.7,77.4,82.1,97.3,155,551,625,627,102,114,105,100
570,26362,1230,1398,1395,1313,53,64.1,69.7,68.4,137,431,555,562,129,99,96,87
571,2467.2,1209,1346,1357,1312,56.2,55.1,64,55.4,112,354,485,491,262,121,106,85
572,51970,1249,1317,1313,1339,64.4,50.5,61.7,53.9,109,288,375,391,296,157,125,111
573,1.3797,1530,1726,1746,1816,85.4,105.2,108.8,131.2,181,619,658,660,164,147,125,117
574,8.6131,1411,1558,1537,1635,77.9,84,83.4,110.4,167,543,634,642,99,158,139,120
575,126.05,1337,1537,1482,1527,73.3,79.4,80.7,109.2,137,458,568,572,88,108,130,108
576,69.299,1209,1407,1376,1332,53.6,65,69.7,73.5,117,394,510,506,132,94,107,85
577,4.1108,1194,1344,1331,1305,52.1,56.6,64.7,59.8,108,327,430,418,272,152,134,92
578,118.99,1436,1609,1550,1733,75.9,97.6,88.9,141.8,167,543,634,642,85,146,143,112
579,7.8701,1340,1582,1525,1627,68.7,87.9,83.4,120.3,137,458,568,572,93,96,107,105
580,1.885,1206,1406,1375,1387,61.4,66.3,67.8,78.6,117,394,510,506,161,112,91,93
581,0.58824,1213,1326,1307,1298,54.8,58.7,61.8,73.1,108,327,430,418,292,190,144,118
582,32.264,1347,1596,1555,1619,69,92.2,90.4,115.3,115,449,514,523,146,76,72,84
583,1.0553,1223,1388,1393,1398,62.8,64.8,67.5,74,106,341,355,350,226,112,91,84
584,0.12086,1250,1316,1323,1311,59.3,58.3,60.9,72.5,116,265,251,245,302,215,164,142
585,1.0521,1525,1595,1533,1533,99.4,92.8,85.9,109.2,170,619,749,729,206,271,271,222
586,0.51349,1528,1624,1570,1483,105.7,89.6,90.6,109.6,180,588,675,670,173,247,237,190
587,1.5161,1534,1625,1572,1436,96.3,91.3,97.2,102.9,183,584,657,653,105,167,166,151
588,22.139,1428,1618,1560,1475,75.1,90,104.5,79.8,162,580,634,645,96,158,129,128
589,0.2354,1542,1629,1547,1570,99.5,90.9,94.2,108,170,619,749,729,193,248,223,208
590,0.60932,1515,1642,1562,1514,107.4,84.7,97.5,101.2,180,588,675,670,181,222,201,176
591,24.963,1506,1636,1566,1473,104.8,83.7,100.3,93.2,183,584,657,653,110,163,144,135
592,22.082,1429,1610,1552,1474,74.1,86.5,102.6,76.3,162,580,634,645,96,159,130,123
593,0.36633,1631,1877,1827,1834,113.7,102.7,137.1,151,176,578,653,663,156,217,193,189
594,0.29708,1566,1770,1759,1762,96.6,92.4,128.1,125,183,564,629,635,161,193,158,157
595,19.317,1507,1656,1622,1599,94.1,85.1,109.7,99.5,183,564,620,631,112,155,141,130
596,11.63,1409,1568,1537,1524,83,79.8,89.8,85.7,158,589,626,631,87,146,144,120
597,0.10447,1599,1871,1890,1875,96.5,110.6,139.1,151.1,183,564,629,635,138,186,184,155
598,1.3035,1525,1669,1668,1760,86,95.7,112.7,114.9,183,564,620,631,124,150,153,122
599,5.4425,1406,1554,1536,1572,83.6,80.1,85.6,97.4,158,589,626,631,109,135,133,118
